CREATE TABLE megyek (
  id int NOT NULL,
  megyeNev varchar(22) NOT NULL,
  CONSTRAINT pk_telepulesek PRIMARY KEY (id)
);

CREATE TABLE telepulesek (
  irsz varchar(4) NOT NULL,
  telepNev varchar(19) NOT NULL,
  megyeId int NOT NULL,
  CONSTRAINT pk_telepulesek PRIMARY KEY (irsz),
  CONSTRAINT fk_telepulesMegye FOREIGN KEY (megyeId) REFERENCES megyek(id)
);

CREATE TABLE konyvtarak (
  id int NOT NULL,
  konyvtarNev varchar(200) NOT NULL,
  irsz varchar(4) NOT NULL,
  cim varchar(36) NOT NULL,
  CONSTRAINT pk_konyvtar PRIMARY KEY (id),
  CONSTRAINT fk_konyvtarTelepules FOREIGN KEY (irsz) REFERENCES telepulesek(irsz)
);

INSERT INTO megyek VALUES
(0, 'BP'),
(1, 'Bács-Kiskun'),
(2, 'Baranya'),
(3, 'Békés'),
(4, 'Borsod-Abaúj-Zemplén'),
(5, 'Csongrád'),
(6, 'Fejér'),
(7, 'Győr-Moson-Sopron'),
(8, 'Hajdú-Bihar'),
(9, 'Heves'),
(10, 'Jász-Nagykun-Szolnok'),
(11, 'Komárom-Esztergom'),
(12, 'Nógrád'),
(13, 'Pest'),
(14, 'Somogy'),
(15, 'Szabolcs-Szatmár-Bereg'),
(16, 'Tolna'),
(17, 'Vas'),
(18, 'Veszprém'),
(19, 'Zala');

INSERT INTO telepulesek VALUES
('8127', 'Aba', 6),
('3261', 'Abasár', 9),
('2740', 'Abony', 13),
('2941', 'Ács', 11),
('2457', 'Adony', 6),
('7381', 'Ág', 2),
('2484', 'Agárd', 6),
('4524', 'Ajak', 15),
('8400', 'Ajka', 18),
('8451', 'Ajka', 18),
('8447', 'Ajka-Ajkarendek', 18),
('7011', 'Alap', 6),
('2730', 'Albertirsa', 13),
('6750', 'Algyő', 5),
('7934', 'Almamellék', 2),
('2931', 'Almásfüzitő', 11),
('2351', 'Alsónémedi', 13),
('3571', 'Alsózsolca', 4),
('4546', 'Anarcs', 15),
('2170', 'Aszód', 13),
('2943', 'Bábolna', 11),
('6430', 'Bácsalmás', 1),
('8258', 'Badacsonytomaj', 18),
('6500', 'Baja', 1),
('4561', 'Baktalórántháza', 15),
('2660', 'Balassagyarmat', 12),
('6764', 'Balástya', 5),
('8220', 'Balatonalmádi', 18),
('8649', 'Balatonberény', 14),
('8630', 'Balatonboglár', 14),
('8230', 'Balatonfüred', 18),
('8184', 'Balatonfűzfő', 18),
('8313', 'Balatongyörök', 19),
('8174', 'Balatonkenese', 18),
('8648', 'Balatonkeresztúr', 14),
('8638', 'Balatonlelle', 14),
('4233', 'Balkány', 15),
('4060', 'Balmazújváros', 8),
('6412', 'Balotaszállás', 1),
('2944', 'Bana', 11),
('3642', 'Bánhorváti', 4),
('2653', 'Bánk', 12),
('2427', 'Baracs', 6),
('2471', 'Baracska', 6),
('4161', 'Báránd', 8),
('7570', 'Barcs', 14),
('7140', 'Bátaszék', 16),
('3070', 'Bátonyterenye', 12),
('5830', 'Battonya', 3),
('5630', 'Békés', 3),
('5600', 'Békéscsaba', 3),
('5561', 'Békésszentandrás', 3),
('9343', 'Beled', 7),
('7827', 'Beremend', 2),
('4100', 'Berettyóújfalu', 8),
('8181', 'Berhida', 18),
('8182', 'Berhida', 18),
('5071', 'Besenyszög', 10),
('2051', 'Biatorbágy', 13),
('2060', 'Bicske', 6),
('4110', 'Biharkeresztes', 8),
('3368', 'Boconád', 9),
('8053', 'Bodajk', 6),
('8741', 'Bókaháza', 19),
('3016', 'Boldog', 9),
('7754', 'Bóly', 2),
('8992', 'Boncodfölde', 19),
('7150', 'Bonyhád', 16),
('6795', 'Bordány', 5),
('3671', 'Borsodnádasd', 4),
('2093', 'Budajenő', 13),
('2011', 'Budakalász', 13),
('2092', 'Budakeszi', 13),
('2040', 'Budaörs', 13),
('1011', 'Budapest', 0),
('1012', 'Budapest', 0),
('1013', 'Budapest', 0),
('1014', 'Budapest', 0),
('1015', 'Budapest', 0),
('1021', 'Budapest', 0),
('1022', 'Budapest', 0),
('1023', 'Budapest', 0),
('1024', 'Budapest', 0),
('1025', 'Budapest', 0),
('1027', 'Budapest', 0),
('1031', 'Budapest', 0),
('1032', 'Budapest', 0),
('1033', 'Budapest', 0),
('1035', 'Budapest', 0),
('1036', 'Budapest', 0),
('1037', 'Budapest', 0),
('1038', 'Budapest', 0),
('1039', 'Budapest', 0),
('1042', 'Budapest', 0),
('1046', 'Budapest', 0),
('1091', 'Budapest', 0),
('1092', 'Budapest', 0),
('1093', 'Budapest', 0),
('1094', 'Budapest', 0);
INSERT INTO telepulesek VALUES
('1095', 'Budapest', 0),
('1096', 'Budapest', 0),
('1097', 'Budapest', 0),
('1098', 'Budapest', 0),
('1051', 'Budapest', 0),
('1052', 'Budapest', 0),
('1053', 'Budapest', 0),
('1054', 'Budapest', 0),
('1055', 'Budapest', 0),
('1056', 'Budapest', 0),
('1061', 'Budapest', 0),
('1062', 'Budapest', 0),
('1065', 'Budapest', 0),
('1067', 'Budapest', 0),
('1068', 'Budapest', 0),
('1072', 'Budapest', 0),
('1073', 'Budapest', 0),
('1074', 'Budapest', 0),
('1075', 'Budapest', 0),
('1077', 'Budapest', 0),
('1078', 'Budapest', 0),
('1081', 'Budapest', 0),
('1082', 'Budapest', 0),
('1083', 'Budapest', 0),
('1084', 'Budapest', 0),
('1085', 'Budapest', 0),
('1086', 'Budapest', 0),
('1087', 'Budapest', 0),
('1088', 'Budapest', 0),
('1089', 'Budapest', 0),
('1101', 'Budapest', 0),
('1102', 'Budapest', 0),
('1103', 'Budapest', 0),
('1105', 'Budapest', 0),
('1106', 'Budapest', 0),
('1108', 'Budapest', 0),
('1111', 'Budapest', 0),
('1112', 'Budapest', 0),
('1113', 'Budapest', 0),
('1114', 'Budapest', 0),
('1115', 'Budapest', 0),
('1116', 'Budapest', 0),
('1117', 'Budapest', 0),
('1118', 'Budapest', 0),
('1119', 'Budapest', 0),
('1121', 'Budapest', 0),
('1122', 'Budapest', 0),
('1123', 'Budapest', 0),
('1125', 'Budapest', 0),
('1126', 'Budapest', 0),
('1131', 'Budapest', 0),
('1133', 'Budapest', 0),
('1134', 'Budapest', 0),
('1135', 'Budapest', 0),
('1136', 'Budapest', 0),
('1138', 'Budapest', 0),
('1139', 'Budapest', 0),
('1141', 'Budapest', 0),
('1143', 'Budapest', 0),
('1144', 'Budapest', 0),
('1145', 'Budapest', 0),
('1146', 'Budapest', 0),
('1147', 'Budapest', 0),
('1148', 'Budapest', 0),
('1149', 'Budapest', 0),
('1191', 'Budapest', 0),
('1192', 'Budapest', 0),
('1153', 'Budapest', 0),
('1158', 'Budapest', 0),
('1162', 'Budapest', 0),
('1163', 'Budapest', 0),
('1165', 'Budapest', 0),
('1171', 'Budapest', 0),
('1181', 'Budapest', 0),
('1183', 'Budapest', 0),
('1185', 'Budapest', 0),
('1188', 'Budapest', 0),
('1201', 'Budapest', 0),
('1204', 'Budapest', 0),
('1213', 'Budapest', 0),
('1214', 'Budapest', 0),
('1215', 'Budapest', 0),
('1221', 'Budapest', 0),
('1222', 'Budapest', 0),
('1224', 'Budapest', 0),
('1238', 'Budapest', 0),
('6114', 'Bugac', 1),
('2347', 'Bugyi', 13),
('9737', 'Bük', 17),
('9740', 'Bükfürdő', 17),
('2700', 'Cegléd', 13),
('9500', 'Celldömölk', 17),
('3973', 'Cigánd', 4),
('8163', 'Csajág', 18),
('8083', 'Csákvár', 6),
('6913', 'Csanádpalota', 5),
('6647', 'Csanytelek', 5),
('4765', 'Csenger', 15),
('9735', 'Csepreg', 17);
INSERT INTO telepulesek VALUES
('5465', 'Cserkeszőlő', 10),
('2212', 'Csévharaszt', 13),
('2014', 'Csobánka', 13),
('6640', 'Csongrád', 5),
('6648', 'Csongrád-Bokros', 5),
('8041', 'Csór', 6),
('9300', 'Csorna', 7),
('5920', 'Csorvás', 3),
('2141', 'Csömör', 13),
('8840', 'Csurgó', 14),
('2370', 'Dabas', 13),
('2735', 'Dánszentmiklós', 13),
('2118', 'Dány', 13),
('4012', 'Debrecen', 8),
('4026', 'Debrecen', 8),
('4024', 'Debrecen', 8),
('4032', 'Debrecen', 8),
('4044', 'Debrecen', 8),
('4025', 'Debrecen', 8),
('4028', 'Debrecen', 8),
('4029', 'Debrecen', 8),
('4033', 'Debrecen', 8),
('4030', 'Debrecen', 8),
('4031', 'Debrecen', 8),
('4027', 'Debrecen', 8),
('8135', 'Dég', 6),
('4516', 'Demecser', 15),
('4130', 'Derecske', 8),
('6772', 'Deszk', 5),
('3275', 'Detk', 9),
('5510', 'Dévaványa', 3),
('8460', 'Devecser', 18),
('2485', 'Dinnyés', 6),
('2049', 'Diósd', 13),
('5624', 'Doboz', 3),
('8989', 'Dobronhegy', 19),
('6781', 'Domaszék', 5),
('7200', 'Dombóvár', 16),
('4492', 'Dombrád', 15),
('2510', 'Dorog', 11),
('2344', 'Dömsöd', 13),
('7020', 'Dunaföldvár', 16),
('2330', 'Dunaharaszti', 13),
('2120', 'Dunakeszi', 13),
('6328', 'Dunapataj', 1),
('2400', 'Dunaújváros', 6),
('2336', 'Dunavarsány', 13),
('6087', 'Dunavecse', 1),
('4211', 'Ebes', 8),
('7457', 'Ecseny', 14),
('3780', 'Edelény', 4),
('3300', 'Eger', 9),
('4069', 'Egyek', 8),
('5742', 'Elek', 3),
('3432', 'Emőd', 4),
('3860', 'Encs', 4),
('8130', 'Enying', 6),
('2451', 'Ercsi', 6),
('2030', 'Érd', 13),
('2113', 'Erdőkertes', 13),
('2176', 'Erdőkürt', 12),
('3358', 'Erdőtelek', 9),
('6347', 'Érsekcsanád', 1),
('2659', 'Érsekvadkert', 12),
('2500', 'Esztergom', 11),
('2091', 'Etyek', 6),
('6625', 'Fábiánsebestyén', 5),
('7133', 'Fadd', 16),
('2765', 'Farmos', 13),
('5231', 'Fegyvernek', 10),
('4900', 'Fehérgyarmat', 15),
('4901', 'Fehérgyarmat', 15),
('8052', 'Fehérvárcsurgó', 6),
('3324', 'Felsőtárkány', 9),
('3561', 'Felsőzsolca', 4),
('4621', 'Fényeslitke', 15),
('9421', 'Fertőrákos', 7),
('9444', 'Fertőszentmiklós', 7),
('8640', 'Fonyód', 14),
('2151', 'Fót', 13),
('4177', 'Földes', 8),
('6085', 'Fülöpszállás', 1),
('3390', 'Füzesabony', 9),
('5525', 'Füzesgyarmat', 3),
('2183', 'Galgamácsa', 13),
('8685', 'Gamás', 14),
('2483', 'Gárdony', 6),
('4472', 'Gávavencsellő', 15),
('4517', 'Gégény', 15),
('9721', 'Gencsapáti', 17),
('2217', 'Gomba', 13),
('2131', 'Göd', 13),
('2132', 'Göd', 7),
('2100', 'Gödöllő', 13),
('3895', 'Gönc', 4),
('2360', 'Gyál', 13),
('8315', 'Gyenesdiás', 19),
('5500', 'Gyomaendrőd', 3),
('2230', 'Gyömrő', 13);
INSERT INTO telepulesek VALUES
('3200', 'Gyöngyös', 9),
('3221', 'Gyöngyös', 9),
('3211', 'Gyöngyösoroszi', 9),
('3231', 'Gyöngyössolymos', 9),
('7064', 'Gyönk', 16),
('9011', 'Győr', 7),
('9027', 'Győr', 7),
('9024', 'Győr', 7),
('9028', 'Győr', 7),
('9025', 'Győr', 7),
('9021', 'Győr', 7),
('9022', 'Győr', 7),
('9026', 'Győr', 7),
('9012', 'Győr-Ménfőcsanak', 7),
('9081', 'Győrújbarát', 7),
('5700', 'Gyula', 3),
('5711', 'Gyula', 3),
('4273', 'Hajdúbagos', 8),
('4220', 'Hajdúböszörmény', 8),
('4087', 'Hajdúdorog', 8),
('4242', 'Hajdúhadház', 8),
('4080', 'Hajdúnánás', 8),
('4251', 'Hajdúsámson', 8),
('4200', 'Hajdúszoboszló', 8),
('2314', 'Halásztelek', 13),
('3273', 'Halmajugra', 9),
('9422', 'Harka', 7),
('7815', 'Harkány', 2),
('3000', 'Hatvan', 9),
('9222', 'Hegyeshalom', 7),
('6034', 'Helvécia', 1),
('2053', 'Herceghalom', 13),
('3360', 'Heves', 9),
('8380', 'Hévíz', 19),
('2192', 'Hévízgyörk', 13),
('6800', 'Hódmezővásárhely', 5),
('3014', 'Hort', 9),
('4274', 'Hosszúpályi', 8),
('4484', 'Ibrány', 15),
('7275', 'Igal', 14),
('2181', 'Iklad', 13),
('3851', 'Ináncs', 4),
('2365', 'Inárcs', 13),
('2117', 'Isaszeg', 13),
('9374', 'Iván', 7),
('2454', 'Iváncsa', 6),
('6070', 'Izsák', 1),
('6440', 'Jánoshalma', 1),
('9545', 'Jánosháza', 17),
('9241', 'Jánossomorja', 7),
('5130', 'Jászapáti', 10),
('5123', 'Jászárokszállás', 10),
('5100', 'Jászberény', 10),
('5111', 'Jászfelsőszentgyörg', 10),
('5126', 'Jászfényszaru', 10),
('2746', 'Jászkarajenő', 13),
('5137', 'Jászkisér', 10),
('5055', 'Jászladány', 10),
('5136', 'Jászszentandrás', 10),
('7431', 'Juta', 14),
('4183', 'Kaba', 8),
('7530', 'Kadarkút', 14),
('2366', 'Kakucs', 13),
('3350', 'Kál', 9),
('2175', 'Kálló', 12),
('4324', 'Kállósemjén', 15),
('6300', 'Kalocsa', 1),
('8124', 'Káloz', 6),
('3355', 'Kápolna', 9),
('7521', 'Kaposmérő', 14),
('7400', 'Kaposvár', 14),
('9330', 'Kapuvár', 7),
('5300', 'Karcag', 10),
('2173', 'Kartal', 13),
('3700', 'Kazincbarcika', 4),
('6237', 'Kecel', 1),
('6000', 'Kecskemét', 1),
('6044', 'Kecskemét', 1),
('6008', 'Kecskemét', 1),
('4515', 'Kék', 15),
('4494', 'Kékcse', 15),
('4501', 'Kemecse', 15),
('5331', 'Kenderes', 10),
('5083', 'Kengyel', 10),
('3396', 'Kerecsend', 9),
('6041', 'Kerekegyháza', 1),
('2144', 'Kerepes', 13),
('8360', 'Keszthely', 19),
('8713', 'Kéthely', 14),
('8044', 'Kincsesbánya', 6),
('2870', 'Kisbér', 11),
('6200', 'Kiskőrös', 1),
('6100', 'Kiskunfélegyháza', 1),
('6400', 'Kiskunhalas', 1),
('2340', 'Kiskunlacháza', 13),
('6120', 'Kiskunmajsa', 1),
('8156', 'Kisláng', 6),
('4325', 'Kisléta', 15),
('2623', 'Kismaros', 13);
INSERT INTO telepulesek VALUES
('2165', 'Kisnémedi', 13),
('2024', 'Kisoroszi', 13),
('2143', 'Kistarcsa', 13),
('6760', 'Kistelek', 5),
('5310', 'Kisújszállás', 10),
('4600', 'Kisvárda', 15),
('6421', 'Kisszállás', 1),
('2755', 'Kocsér', 13),
('4138', 'Komádi', 8),
('2900', 'Komárom', 11),
('2921', 'Komárom', 11),
('7300', 'Komló', 2),
('3356', 'Kompolt', 9),
('5553', 'Kondoros', 3),
('7761', 'Kozármisleny', 2),
('4965', 'Kölcse', 15),
('9900', 'Körmend', 17),
('5516', 'Körösladány', 3),
('9730', 'Kőszeg', 17),
('5340', 'Kunhegyes', 10),
('5321', 'Kunmadaras', 10),
('6115', 'Kunszállás', 1),
('5440', 'Kunszentmárton', 10),
('6090', 'Kunszentmiklós', 1),
('3732', 'Kurityán', 4),
('2541', 'Lábatlan', 11),
('7535', 'Lad', 14),
('6050', 'Lajosmizse', 1),
('6065', 'Lakitelek', 1),
('7759', 'Lánycsók', 2),
('8693', 'Lengyeltóti', 14),
('8960', 'Lenti', 19),
('8132', 'Lepsény', 6),
('4281', 'Létavértes', 8),
('4283', 'Létavértes', 8),
('8868', 'Letenye', 19),
('2309', 'Lórév', 13),
('3021', 'Lőrinci', 9),
('2234', 'Maglód', 13),
('7342', 'Mágocs', 2),
('2322', 'Makád', 13),
('6900', 'Makó', 5),
('3434', 'Mályi', 4),
('4644', 'Mándok', 15),
('8700', 'Marcali', 14),
('4326', 'Máriapócs', 15),
('3262', 'Markaz', 9),
('6636', 'Mártély', 5),
('5435', 'Martfű', 10),
('2462', 'Martonvásár', 6),
('4700', 'Mátészalka', 15),
('3247', 'Mátraballa', 9),
('5666', 'Medgyesegyháza', 3),
('2235', 'Mende', 13),
('5650', 'Mezőberény', 3),
('3450', 'Mezőcsát', 4),
('5820', 'Mezőhegyes', 3),
('3441', 'Mezőkeresztes', 4),
('5800', 'Mezőkovácsháza', 3),
('3400', 'Mezőkövesd', 4),
('8133', 'Mezőszentgyörgy', 6),
('7017', 'Mezőszilas', 6),
('5400', 'Mezőtúr', 10),
('2736', 'Mikebuda', 13),
('6630', 'Mindszent', 5),
('6343', 'Miske', 1),
('3515', 'Miskolc', 4),
('3526', 'Miskolc', 4),
('3532', 'Miskolc', 4),
('3529', 'Miskolc', 4),
('3530', 'Miskolc', 4),
('3524', 'Miskolc', 4),
('3528', 'Miskolc', 4),
('3534', 'Miskolc', 4),
('3525', 'Miskolc', 4),
('2146', 'Mogyoród', 13),
('7700', 'Mohács', 2),
('3905', 'Monok', 4),
('2200', 'Monor', 13),
('4275', 'Monostorpályi', 8),
('8060', 'Mór', 6),
('6782', 'Mórahalom', 5),
('7257', 'Mosdós', 14),
('9200', 'Mosonmagyaróvár', 7),
('9245', 'Mosonszolnok', 7),
('4181', 'Nádudvar', 8),
('7500', 'Nagyatád', 14),
('7561', 'Nagybajom', 14),
('4355', 'Nagyecsed', 15),
('4485', 'Nagyhalász', 15),
('4064', 'Nagyhegyes', 8),
('2942', 'Nagyigmánd', 11),
('5363', 'Nagyiván', 10),
('4320', 'Nagykálló', 15),
('8800', 'Nagykanizsa', 19),
('2760', 'Nagykáta', 13),
('4127', 'Nagykereki', 8),
('2094', 'Nagykovácsi', 13),
('2750', 'Nagykőrös', 13);
INSERT INTO telepulesek VALUES
('6622', 'Nagymágocs', 5),
('7355', 'Nagymányok', 16),
('2626', 'Nagymaros', 13),
('2645', 'Nagyoroszi', 12),
('5931', 'Nagyszénás', 3),
('2421', 'Nagyvenyim', 6),
('6345', 'Nemesnádudvar', 1),
('3132', 'Nógrádmegyer', 12),
('2685', 'Nógrádsáp', 12),
('3433', 'Nyékládháza', 4),
('2536', 'Nyergesújfalu', 11),
('4262', 'Nyíracsád', 8),
('4253', 'Nyíradony', 8),
('4254', 'Nyíradony', 8),
('4300', 'Nyírbátor', 15),
('4372', 'Nyírbéltek', 15),
('4356', 'Nyírcsaholy', 15),
('4331', 'Nyírcsászári', 15),
('4332', 'Nyírderzs', 15),
('4400', 'Nyíregyháza', 15),
('4311', 'Nyírgyulaj', 15),
('3997', 'Nyíri', 4),
('4544', 'Nyírkarász', 15),
('4564', 'Nyírmada', 15),
('4461', 'Nyírtelek', 15),
('9082', 'Nyúl', 7),
('2364', 'Ócsa', 13),
('5900', 'Orosháza', 3),
('2840', 'Oroszlány', 11),
('3600', 'Ózd', 4),
('5451', 'Öcsöd', 10),
('4336', 'Őr', 15),
('2162', 'Őrbottyán', 13),
('6311', 'Öregcsertő', 1),
('9941', 'Őriszentpéter', 17),
('2377', 'Örkény', 13),
('7027', 'Paks', 16),
('7030', 'Paks', 16),
('3042', 'Palotás', 12),
('2214', 'Pánd', 13),
('9090', 'Pannonhalma', 7),
('8500', 'Pápa', 18),
('8596', 'Pápakovácsi', 18),
('8183', 'Papkeszi', 18),
('3244', 'Parád', 9),
('3060', 'Pásztó', 12),
('7923', 'Patapoklosi', 2),
('2071', 'Páty', 13),
('2119', 'Pécel', 13),
('7621', 'Pécs', 2),
('7632', 'Pécs', 2),
('7626', 'Pécs', 2),
('7622', 'Pécs', 2),
('7633', 'Pécs', 2),
('7624', 'Pécs', 2),
('7623', 'Pécs', 2),
('7691', 'Pécs', 2),
('7720', 'Pécsvárad', 2),
('2431', 'Perkáta', 6),
('3250', 'Pétervására', 9),
('8105', 'Pétfürdő', 18),
('2721', 'Pilis', 13),
('2097', 'Pilisborosjenő', 13),
('2081', 'Piliscsaba', 13),
('2087', 'Piliscsaba', 13),
('2519', 'Piliscsév', 11),
('2085', 'Pilisvörösvár', 13),
('2095', 'Pilisszántó', 13),
('2084', 'Pilisszentiván', 13),
('4125', 'Pocsaj', 8),
('4090', 'Polgár', 8),
('8154', 'Polgárdi', 6),
('2013', 'Pomáz', 13),
('3388', 'Poroszló', 9),
('8858', 'Porrog', 14),
('5152', 'Portelek', 10),
('5919', 'Pusztaföldvár', 3),
('2490', 'Pusztaszabolcs', 6),
('3630', 'Putnok', 4),
('4150', 'Püspökladány', 8),
('2459', 'Rácalmás', 6),
('2300', 'Ráckeve', 13),
('3825', 'Rakaca', 4),
('4465', 'Rakamaz', 15),
('5085', 'Rákóczifalva', 10),
('9653', 'Répcelak', 17),
('2651', 'Rétság', 12),
('8253', 'Révfülöp', 18),
('8373', 'Rezi', 19),
('2654', 'Romhány', 12),
('6758', 'Röszke', 5),
('6786', 'Ruzsa', 5),
('3791', 'Sajókeresztúr', 4),
('3770', 'Sajószentpéter', 4),
('3599', 'Sajószöged', 4),
('9632', 'Sajtoskál', 17),
('3100', 'Salgótarján', 12),
('3109', 'Salgótarján', 12),
('3141', 'Salgótarján', 12);
INSERT INTO telepulesek VALUES
('6762', 'Sándorfalva', 5),
('7000', 'Sárbogárd', 6),
('5720', 'Sarkad', 3),
('3950', 'Sárospatak', 4),
('9600', 'Sárvár', 17),
('9608', 'Sárvár', 17),
('7370', 'Sásd', 2),
('3980', 'Sátoraljaújhely', 4),
('7960', 'Sellye', 2),
('8111', 'Seregélyes', 6),
('7800', 'Siklós', 2),
('7081', 'Simontornya', 16),
('8600', 'Siófok', 14),
('6320', 'Solt', 1),
('6230', 'Soltvadkert', 1),
('2083', 'Solymár', 13),
('8733', 'Somogysámson', 14),
('8705', 'Somogyszentpál', 14),
('8734', 'Somogyzsitfa', 14),
('3121', 'Somoskőújfalu', 12),
('9400', 'Sopron', 7),
('2038', 'Sóskút', 13),
('2241', 'Sülysáp', 13),
('8330', 'Sümeg', 18),
('8151', 'Szabadbattyán', 6),
('5712', 'Szabadkígyós', 3),
('6080', 'Szabadszállás', 1),
('2111', 'Szada', 13),
('5081', 'Szajol', 10),
('9317', 'Szany', 7),
('2066', 'Szár', 6),
('5540', 'Szarvas', 3),
('6763', 'Szatymaz', 5),
('2440', 'Százhalombatta', 13),
('2443', 'Százhalombatta', 13),
('3170', 'Szécsény', 12),
('6720', 'Szeged', 5),
('6722', 'Szeged', 5),
('6726', 'Szeged', 5),
('6723', 'Szeged', 5),
('6791', 'Szeged', 5),
('6729', 'Szeged', 5),
('6725', 'Szeged', 5),
('6724', 'Szeged', 5),
('6727', 'Szeged', 5),
('6753', 'Szeged', 5),
('6771', 'Szeged', 5),
('6721', 'Szeged', 5),
('5520', 'Szeghalom', 3),
('8000', 'Székesfehérvár', 6),
('7100', 'Szekszárd', 16),
('3752', 'Szendrő', 4),
('2000', 'Szentendre', 13),
('6600', 'Szentes', 5),
('9970', 'Szentgotthárd', 17),
('7940', 'Szentlőrinc', 2),
('2254', 'Szentmártonkáta', 13),
('3900', 'Szerencs', 4),
('2321', 'Szigetbecse', 13),
('2315', 'Szigethalom', 13),
('2310', 'Szigetszentmiklós', 13),
('7900', 'Szigetvár', 2),
('3377', 'Szihalom', 9),
('3800', 'Szikszó', 4),
('3711', 'Szirmabesenyő', 4),
('2628', 'Szob', 13),
('5000', 'Szolnok', 10),
('5008', 'Szolnok', 10),
('9700', 'Szombathely', 17),
('3064', 'Szurdokpüspöki', 12),
('8660', 'Tab', 14),
('2381', 'Táborfalva', 13),
('2021', 'Tahitótfalu', 13),
('2335', 'Taksony', 13),
('7090', 'Tamási', 16),
('2251', 'Tápiószecső', 13),
('2766', 'Tápiószele', 13),
('2711', 'Tápiószentmárton', 13),
('2769', 'Tápiószőlős', 13),
('9761', 'Táplánszentkereszt', 17),
('8300', 'Tapolca', 18),
('7514', 'Tarany', 14),
('3915', 'Tarcal', 4),
('3369', 'Tarnabod', 9),
('3294', 'Tarnaörs', 9),
('2461', 'Tárnok', 13),
('4931', 'Tarpa', 15),
('2534', 'Tát', 11),
('2890', 'Tata', 11),
('2800', 'Tatabánya', 11),
('2375', 'Tatárszentgyörgy', 13),
('4243', 'Téglás', 8),
('9100', 'Tét', 7),
('8237', 'Tihany', 18),
('2086', 'Tinnye', 13),
('6066', 'Tiszaalpár', 1),
('4455', 'Tiszadada', 15),
('5430', 'Tiszaföldvár', 10),
('5350', 'Tiszafüred', 10);
INSERT INTO telepulesek VALUES
('6060', 'Tiszakécske', 1),
('5471', 'Tiszakürt', 10),
('4450', 'Tiszalök', 15),
('3565', 'Tiszalúc', 4),
('3385', 'Tiszanána', 9),
('5474', 'Tiszasas', 10),
('5244', 'Tiszaszőlős', 10),
('3580', 'Tiszaújváros', 4),
('4440', 'Tiszavasvári', 15),
('3910', 'Tokaj', 4),
('7130', 'Tolna', 16),
('2463', 'Tordas', 6),
('5091', 'Tószeg', 10),
('5940', 'Tótkomlós', 3),
('2316', 'Tököl', 13),
('2045', 'Törökbálint', 13),
('5200', 'Törökszentmiklós', 10),
('2747', 'Törtel', 13),
('2194', 'Tura', 13),
('5420', 'Túrkeve', 10),
('4244', 'Újfehértó', 15),
('5661', 'Újkígyós', 3),
('2724', 'Újlengyel', 13),
('5052', 'Újszász', 10),
('4065', 'Újszentmargita', 8),
('2768', 'Újszilvás', 13),
('2244', 'Úri', 13),
('6794', 'Üllés', 5),
('2225', 'Üllő', 13),
('2096', 'Üröm', 13),
('2600', 'Vác', 13),
('2167', 'Vácduka', 13),
('2163', 'Vácrátót', 13),
('7041', 'Vajta', 6),
('4287', 'Vámospércs', 8),
('6033', 'Városföld', 1),
('8100', 'Várpalota', 18),
('2211', 'Vasad', 13),
('4800', 'Vásárosnamény', 15),
('9800', 'Vasvár', 17),
('2220', 'Vecsés', 13),
('2481', 'Velence', 19),
('9751', 'Vép', 17),
('2477', 'Vereb', 6),
('2112', 'Veresegyház', 13),
('2621', 'Verőce', 13),
('3351', 'Verpelét', 9),
('8200', 'Veszprém', 18),
('5530', 'Vésztő', 3),
('2025', 'Visegrád', 13),
('2026', 'Visegrád', 13),
('3271', 'Visonta', 9),
('8314', 'Vonyarcvashegy', 19),
('5051', 'Zagyvarékas', 10),
('6787', 'Zákányszék', 5),
('8900', 'Zalaegerszeg', 19),
('8749', 'Zalakaros', 19),
('8999', 'Zalalövő', 19),
('8790', 'Zalaszentgrót', 19),
('8621', 'Zamárdi', 14),
('8112', 'Zichyújfalu', 6),
('8420', 'Zirc', 18),
('4142', 'Zsáka', 8),
('2072', 'Zsámbék', 13),
('2116', 'Zsámbok', 13),
('6411', 'Zsana', 1),
('6792', 'Zsombó', 5);

INSERT INTO konyvtarak VALUES
(1, 'A Bács-Kiskun Megyei Önkormányzat Kórháza. Orvosi Könyvtár', '6000', 'Nyíri út 38.'),
(2, 'A Bakonyi Természettudományi Múzeum Könyvtára', '8420', 'Rákóczi tér 1'),
(3, 'A Blaskovich Múzeum Könyvtára', '2766', 'Múzeum út 13.'),
(4, 'A Borsod-Abaúj-Zemplén Megyei Kórház Központi Orvosi Könyvtára', '3526', 'Szentpéteri kapu 72-76.'),
(5, 'A Déri Múzeum Könyvtára', '4026', 'Déri tér 1.'),
(6, 'A Dobó István Vármúzeum Könyvtára', '3300', 'Vár 1.'),
(7, 'A Dr. Kenessey Albert Kórház-Rendelőintézet Orvosi Könyvtár', '2660', 'Rákóczi út 125-127.'),
(8, 'A Fehérgyarmati Városi Önkormányzat Kórháza Orvosi Szakkönyvtár', '4901', 'Damjanich u. 1.'),
(9, 'A Fejér Megyei Múzeumok Igazgatósága. Az Intercisa Múzeum Könyvtára', '2400', 'Városháza tér 4.'),
(10, 'A Finta Múzeum Könyvtára', '5420', 'Attila u. 1.'),
(11, 'A Fővárosi Önkormányzat Budai Gyermekkórháza Könyvtára', '1025', 'Cserje u. 14.'),
(12, 'A Fővárosi Pedagógiai Intézet Szakkönyvtára', '1088', 'Vas u. 8-10.'),
(13, 'A Göcseji Múzeum Könyvtára', '8900', 'Batthyány u. 2.'),
(14, 'A Györffy István Nagykun Múzeum Könyvtára', '5300', 'Kálvin u. 4.'),
(15, 'A Hajdúsági Múzeum Könyvtára', '4220', 'Kossuth u. 1.'),
(16, 'A Hansági Múzeum Könyvtára', '9200', 'Fő út 19.'),
(17, 'A Jász Múzeum Könyvtára', '5100', 'Táncsics Mihály u. 5.'),
(18, 'A Johan Béla Országos Közegészségügyi Intézet Könyvtára', '1097', 'Gyáli út 2-6.'),
(19, 'A Jósa András Múzeum Szakkönyvtára', '4400', 'Benczúr tér 21.'),
(20, 'A Kaposi Mór Megyei Kórház Arató Miklós Orvosi Könyvtára', '7400', 'Tallián Gy. u. 20-34.'),
(21, 'A Karacs Ferenc Múzeum Könyvtára', '4150', 'Kossuth u. 28.'),
(22, 'A Katona József Múzeum Könyvtára', '6000', 'Bethlen krt. 1.'),
(23, 'A Kiskun Múzeum Könyvtára', '6100', 'Dr. Holló Lajos u. 9.'),
(24, 'A Kulturális Innovációs Alapítvány Könyvtára', '1035', 'Miklós tér 1.'),
(25, 'A Magyar Elektrotechnikai Múzeum Szakkönyvtára', '1075', 'Kazinczy u. 21.'),
(26, 'A Magyar Írószövetség Könyvtára', '1062', 'Bajza u. 18.'),
(27, 'A Magyar Olaj- és Gázipari Múzeum Alapítvány Könyvtára', '8900', 'Wlassics Gyula út 13.'),
(28, 'A Magyar Tudományos Akadémia Ökológiai és Botanikai Kutatóintézetének Könyvtára', '2163', 'Alkotmány u. 2-4.'),
(29, 'A Malomipari Kutató és Fejlesztő Kft. Szakkönyvtára', '1024', 'Kis Rókus u. 15/b.'),
(30, 'A Markhot Ferenc Oktatókórház-Rendelőintézet Orvosi Könyvtára', '3300', 'Széchenyi u. 27-29.'),
(31, 'A Megyei Jogú Város Kórháza. Orvosi Könyvtár', '8800', 'Szekeres J. u. 2-6.'),
(32, 'A Művelődés Háza  Könyvtár és Csete Balázs Helytörténeti Gyűjtemény', '5137', 'Jubileum tér 7.'),
(33, 'A Művelődés Háza és Könyvtára', '3950', 'Eötvös út 6.'),
(34, 'A Nógrádi Történeti Múzeum Könyvtára', '3100', 'Múzeum tér 2.'),
(35, 'A Palóc Múzeum Könyvtára', '2660', 'Palóc liget 1.'),
(36, 'A Semmelweis Kórház Orvosi Szakkönyvtára', '6400', 'Dr. Monszpart L. u. 1.'),
(37, 'A Somogy Megyei Levéltár Könyvtára', '7400', 'Rippl-Rónai tér 1.'),
(38, 'A Somogy Megyei Tüdő- és Szívkórház Orvosi Könyvtára', '7257', 'Petőfi u. 4.'),
(39, 'A Tan Kapuja Buddhista Főiskola Szakkönyvtára', '1098', 'Börzsöny u. 13.'),
(40, 'A Tatabányai Múzeum Szakkönyvtára', '2800', 'Szent Borbála tér 1.'),
(41, 'A Thorma János Múzeum Könyvtára', '6400', 'Köztársaság u. 2.'),
(42, 'A Tiszazugi Földrajzi Múzeum Könyvtára', '5430', 'Kossuth út 101.'),
(43, 'A Tolna Megyei Önkormányzat Kórháza. Orvosi Könyvtár', '7100', 'Béri-Balogh Á. u. 5-7.'),
(44, 'A Túri Fazekas Múzeum Könyvtára', '5400', 'Damjanich út 2/A.'),
(45, 'A Városi Önkormányzat Kórháza  Orosháza. Orvosi Könyvtár', '5900', 'Kond u. 59.'),
(46, 'A Vas Megyei Markusovszky Kórház  a Pécsi Orvostudományi Egyetem és a Haynal Imre Egészségtudományi Egyetem Oktatókórháza Orvosi Könyvtára', '9700', 'Markusovszky u. 3.'),
(47, 'A Vas Megyei Múzeumok Igazgatósága. A Nádasdy Ferenc Múzeum Könyvtára', '9600', 'Várkerület 1.'),
(48, 'A Veszprém Megyei Csolnoky Ferenc Kórház-Rendelőintézet Orvosi Könyvtára', '8200', 'Kórház u. 1.'),
(49, 'A Viski Károly Múzeum Könyvtára', '6300', 'Szent István király út 25.'),
(50, 'A Zala Megyei Levéltár Szakkönyvtára', '8900', 'Széchenyi tér 3.'),
(51, 'Abonyi Lajos Művelődési Ház  Könyvtár és Múzeumi Kiállítóhely', '2740', 'Kálvin J. u.1.'),
(52, 'Abonyi Úti Fiókkönyvtár', '5000', 'Abonyi út 36.'),
(53, 'Ácsi Bartók Béla Művelődési Ház  Könyvtár és Városi Sportcsarnok', '2941', 'Zichy park 1.'),
(54, 'Adventista Teológiai Főiskola Könyvtár', '2119', 'Ráday u. 12.'),
(55, 'Ady Endre Könyvtár', '3000', 'Radnóti tér 2.'),
(56, 'Ady Endre Könyvtár Újhatvani Fiókkönyvtár', '3000', 'Mészáros Lázár út 13.'),
(57, 'Ady Endre Művelődési Ház és Könyvtár', '6411', 'Ady Endre u. 2.'),
(58, 'Ady Endre Művelődési Ház és Könyvtár', '4492', 'Kossuth u. 60.'),
(59, 'Ady Endre Művelődési Központ és Könyvtár', '4090', 'Barankovics tér 6.'),
(60, 'Ady Endre Művelődési Központ és Könyvtár', '2536', 'Kossuth Lajos u. 89.'),
(61, 'Ady Endre Művelődési Központ és Városi Könyvtár', '4181', 'Ady tér 10.'),
(62, 'Ady Endre Városi Könyvtár és Művelődési Központ', '6500', 'Telcs E. u. 12.'),
(63, 'Ág Könyvtári  Információs és Közösségi Szolgáltató Hely', '7381', 'Alkotmány u. 16.'),
(64, 'Ajaki Könyvtár', '4524', 'Hajnal út 20.'),
(65, 'Alapvető Jogok Biztosának Hivatala - Könyvtár', '1051', 'Nádor u. 22.'),
(66, 'Algyői Faluház és Könyvtár', '6750', 'Kastélykert u. 63.'),
(67, 'Állambiztonsági Szolgálatok Történeti Levéltára Könyvtár', '1067', 'Eötvös u. 7.'),
(68, 'Állami Egészségügyi Ellátó Központ Egészségügyi Szakkönyvtára', '1051', 'Arany J. u. 6-8. (költözés alatt)'),
(69, 'Állami Egészségügyi Ellátó Központ Országos Egészségtudományi Szakkönyvtár', '1051', 'Arany János u. 6-8.'),
(70, 'Állami Szívórház  Balatonfüred. Orvosi Könyvtár Betegek könyvtára', '8230', 'Gyógy tér 2.'),
(71, 'Almamellék Könyvtári  Információs és Közösségi Szolgáltató Hely', '7934', 'Petőfi tér 4.'),
(72, 'Általános Iskola és Könyvtár', '2645', 'Kertész u. 45.'),
(73, 'Általános Művelődési Központ Könyvtára', '5244', 'Alkotmány u. 12.'),
(74, 'Általános Művelődési Központ. Könyvtár', '2768', 'Szent István u. 4.'),
(75, 'Általános Művelődési Központ. Petőfi Sándor Művelődési Ház  Könyvtár és Falumúzeum', '8132', 'Vasút u. 11.'),
(76, 'Általános Művelődési Központ. Tamkó Sirató Károly Községi Könyvtár', '5919', 'Jókai u. 12.'),
(77, 'Anarcs - Községi és Iskolai Könyvtár', '4546', 'Iskola u. 2.'),
(78, 'Andrássy Gyula Budapesti Német Nyelvű Egyetem Könyvtár', '1088', 'Pollack Mihály tér 3.'),
(79, 'Andreetti Károly Általános és Művészeti Iskola és Könyvtár', '2038', 'Tulipán utca 9.'),
(80, 'Anóka Eszter Városi Könyvtár', '4485', 'Arany J. u. 60.'),
(81, 'Apáczai Óvoda  Művelődési Ház  Könyvtár és Sportegység', '7632', 'Apáczai Csere János körtér 1.'),
(82, 'Apor Vilmos Katolikus Főiskola Könyvtára', '2600', 'Konstantin tér 1-5.'),
(83, 'Arany János Művelődési Ház és Könyvtár', '7275', 'Farkas János u. 2.'),
(84, 'Arany János Művelődési Központ és Városi Könyvtár', '6060', 'Kossuth Lajos u. 40.'),
(85, 'Aranybulla Könyvtár Alapítvány', '8000', 'KÖFÉM ltp. 1.'),
(86, 'Aszód Városi Kulturális Központ. Aszód Város Nyilvános Könyvtára', '2170', 'Kossuth L. u. 72.'),
(87, 'Az Arany János Múzeum Könyvtára', '2750', 'Ceglédi út 19.'),
(88, 'Az Országos Idegsebészeti Tudományos Intézet Könyvtára', '1145', 'Amerikai út 57.'),
(89, 'Az Országos Munka- és Üzemegészségügyi Intézet Könyvtára', '1098', 'Nagyvárad tér 2.'),
(90, 'Bábolna Városi Könyvtár  Művelődési- és Sportközpont', '2943', 'Béke u. 1.'),
(91, 'Bács-Kiskun Megyei Katona József Könyvtár', '6000', 'Piaristák tere 8.'),
(92, 'Bács-Kiskun Megyei Katona József Könyvtár Hetényegyházi Fiókkönyvtára', '6044', '0'),
(93, 'Bács-Kiskun Megyei Katona József Könyvtár Kadafalvi Fiókkönyvtára', '6000', 'Boróka u. 4.'),
(94, 'Bács-Kiskun Megyei Katona József Könyvtár Katonatelepi Fiókkönyvtára', '6000', 'Katona Zs. u. 1.'),
(95, 'Bács-Kiskun Megyei Katona József Könyvtár Margaréta Otthon', '6000', 'Nyíri út 77.'),
(96, 'Bács-Kiskun Megyei Katona József Könyvtár Ménteleki Fiókkönyvtára', '6008', '0'),
(97, 'Bács-Kiskun Megyei Katona József Könyvtár Műkertvárosi Fiókkönyvtára', '6000', 'Mártírok útja 29.'),
(98, 'Bács-Kiskun Megyei Katona József Könyvtár Petőfivárosi Fiókkönyvtára', '6000', 'Alkony u. 11.'),
(99, 'Bács-Kiskun Megyei Katona József Könyvtár Platán Otthon', '6000', 'Szt. László-város 1.');
INSERT INTO konyvtarak VALUES
(100, 'Bács-Kiskun Megyei Katona József Könyvtár Széchenyivárosi Fiókkönyvtára', '6000', 'Széchenyi sétány 6.'),
(101, 'Badacsonytomaj Város Önkormányzat Kulturális Intézménye. Városi Könyvtár', '8258', 'Fő u. 29.'),
(102, 'Balassa Bálint Múzeum Könyvtára', '2500', 'Mindszenty hercegprímás tere'),
(103, 'Balassa Iván Művelődési Ház és Könyvtár', '4161', 'Kossuth tér 1.'),
(104, 'Balassagyarmati Törvényszék Könyvtára', '2660', 'Köztársaság tér 2.'),
(105, 'Balassi Bálint Megyei Könyvtár', '3100', 'Kassai sor 2.'),
(106, 'Balassi Bálint Megyei Könyvtár. Beszterce Lakótelepi Fiókkönyvtár', '3121', 'Beszterce tér 4.'),
(107, 'Balassi Bálint Megyei Könyvtár. Forgách-i Fiókkönyvtár', '3109', 'Munkásotthon tér 1.'),
(108, 'Balassi Bálint Megyei Könyvtár. Somoskői Fiókkönyvtár', '3100', 'Vároldal út 2.'),
(109, 'Balassi Bálint Művelődési Ház és Könyvtár', '9241', 'Óvári u. 1.'),
(110, 'Balassi Blint Megyei Könyvtár. Zagyvarónai Fiókkönyvtár', '3141', 'Zagyva út 3.'),
(111, 'Balassi Intézet Márton Áron Szakkollégium Könyvtár', '1037', 'Kunigunda útja 35.'),
(112, 'Balástyai Általános Művelődési Központ. Községi Könyvtár', '6764', 'Rákóczi u. 32.'),
(113, 'Balatonboglári Lukács Károly Városi Könyvtár', '8630', 'Tavasz u. 1.'),
(114, 'Balatoni Múzeum Könyvtára', '8360', 'Múzeum u. 2.'),
(115, 'Balatoni Regionális Történeti Kutatóintézet  Könyvtár és Kálmán Imre Emlékház', '8600', 'Fő tér 2.'),
(116, 'Balatonlellei Városi Művelődési Ház és Könyvtár', '8638', 'Kossuth Lajos u. 2.'),
(117, 'Balázs József Városi Könyvtár és Művelődési Központ', '4800', 'Szabadság tér 5.'),
(118, 'Balkányi Városi és Művelődési Ház', '4233', 'Kossuth u. 1-3.'),
(119, 'Balotaszállási Községi Könyvtár és Közösségi Színtér', '6412', 'Balassi Bálint u. 10.'),
(120, 'Bánhorváti Berkes János Művelődési Ház és Könyvtár', '3642', 'Szabadság út 175.'),
(121, 'Baptista Teológiai Akadémia Könyvtára', '1068', 'Benczúr u. 31.'),
(122, 'Baracska Községi Könyvtár', '2471', 'Templom út 19.'),
(123, 'Baranyai Megyei Pedagógiai Intézet Könyvtára', '7626', 'Egyetem u. 2.'),
(124, 'Barcsi Városi Könyvtár', '7570', 'Ifjúság u. 18.'),
(125, 'Bartók Béla Művelődési Ház Egyesület Könyvtára', '3532', 'Andrássy u. 15.'),
(126, 'Bartók Béla Művelődési Ház és Könyvtár', '2194', 'Bartók Béla tér 3.'),
(127, 'Bátonyterenyei Városi Közművelődési Központ és Könyvtár', '3070', 'Molnár S. út 1-3.'),
(128, 'Batthyány Lajos Általános Művelődési Központ. Művelődési Otthon és Könyvtár', '9545', 'Bajcsy-Zsilinszky u. 2.'),
(129, 'Battonyai Városi Művelődési Központ és Könyvtár', '5830', 'Fő u. 72/a'),
(130, 'Békefi Antal Városi Könyvtár  Művelődési Ház és Stúdió KB', '8420', 'József A. u. 1.'),
(131, 'Békés Megyei Képviselő-testület. A Pándy Kálmán Kórház Orvosi Könyvtára', '5700', 'Semmelweis u. 1.'),
(132, 'Békés Megyei Könyvtár', '5600', 'Kiss Ernő utca 3.'),
(133, 'Békés Megyei Könyvtár Batsányi úti Fiókkönyvtára', '5600', 'Batsányi utca 7.'),
(134, 'Békés Megyei Könyvtár Lencsési úti Fiókkönyvtára', '5600', 'Pásztor u. 17.'),
(135, 'Békés Megyei Könyvtár Mezőmegyeri Fiókkönyvtára', '5600', 'Kossuth u. 1.'),
(136, 'Békés Városi Püski Sándor Könyvtár', '5630', 'Széchenyi tér 4.'),
(137, 'Békéscsaba MJV Önkormányzat Réthy Pál Kórház Orvosi Könyvtára', '5600', 'Gyulai út 18.'),
(138, 'Békevárosi Fiókkönyvtár', '2400', 'Március 15. tér 5.'),
(139, 'Beledi Általános Művelődési Központ. Városi Könyvtár', '9343', 'Vásártér u. 2/1.'),
(140, 'Bélyegmúzeum Könyvtára', '1074', 'Hársfa utca 47.'),
(141, 'Berettyó Kulturális Központ. Bihari Múzeum és Sinka István Városi Könyvtár', '4100', 'Kálvin tér 1.'),
(142, 'Berettyó Kulturális Központ. Sinka István Városi Könyvtár Fiókkönyvtára', '4100', 'Puskin u. 44.'),
(143, 'Berhidai Kultúrház és Könyvtár', '8181', 'Kossuth L. u. 18.'),
(144, 'Béri Balogh Ádám Művelődési Ház és Könyvtár', '7133', 'Béke u. 1.'),
(145, 'Bertha Bulcsú Művelődési Ház és Könyvtár', '8313', 'Kossuth L. u. 29.'),
(146, 'Berzsenyi Dániel Könyvtár Megyei és Városi Könyvtár. Hunyadi úti fiókkönyvtár', '9700', 'Hunyadi u. 49.'),
(147, 'Berzsenyi Dániel Megyei és Városi Könyvtár', '9700', 'Dr. Antall József tér 1.'),
(148, 'Berzsenyi Dániel Megyei és Városi Könyvtár. Kámoni fiókkönyvtár', '9700', 'Szófia u. 31.'),
(149, 'Berzsenyi Dániel Megyei és Városi Könyvtár. Szentkirályi fiókkönyvtár', '9700', 'Szent István király u. 119.'),
(150, 'Berzsenyi Dániel Megyei Hatókörű Városi Könyvtár Jáki úti fiókkönyvtár', '9700', 'Jáki u. 33/a'),
(151, 'Berzsenyi Dániel Városi Könyvtár', '8700', 'Park u. 2.'),
(152, 'Bessenyei György Művelődési Ház és Könyvtár', '2347', 'Beleznay tér 2.'),
(153, 'Betegápoló Irgalmasrend Budai Irgalmasrendi Kórház Orvosi Könyvtár', '1023', 'Frankel Leó út 31.'),
(154, 'Bezerédj Pál Szabadidőközpont és Könyvtár', '7130', 'Bajcsy-Zsilinszky Endre u. 73/B.'),
(155, 'Bhaktivedanta Könyvtár', '1039', 'Attila u. 8.'),
(156, 'Biatorbágyi Karikó János Könyvtár', '2051', 'Szabadság út 3.'),
(157, 'Bibliotéka Egyesület', '6722', 'Kálvária sugárút 14.'),
(158, 'Bicskei Egységes Művelődési Központ és Könyvtár', '2060', 'Kisfaludy u. 29.'),
(159, 'Bihari Múzeum Könyvtára', '4100', 'Kálvin tér 1.'),
(160, 'Bize Városrészi Fiókkönyvtár', '8700', 'Bizei u. 53.'),
(161, 'BMC Magyar Zenei Információs Központ és Könyvtár', '1093', 'Mátyás u. 8.'),
(162, 'Boconád. Tarnaörs-Boconád Általános Művelődési Központ Intézményfenntartó Társulása. Községi Könyvtár', '3368', 'Szabadság tér 7.'),
(163, 'Bocskai István Múzeum Könyvtára', '4200', 'Bocskai u. 12.'),
(164, 'Bocskai István Művelődési Ház és Könyvtár', '4127', 'Bocskai Várkastély'),
(165, 'Bókaháza könyvtári szolgáltatóhely', '8741', 'Kossuth L. u. 6.'),
(166, 'Bokor József Városi Könyvtár', '7530', 'Petőfi S. u. 1.'),
(167, 'Boncodfölde könyvtári szolgáltatóhely', '8992', 'Dózsa György utca 10.'),
(168, 'Borbála Könyvtár', '3825', 'Petőfi u. 94.'),
(169, 'Boronka Városrészi Fiókkönyvtár', '8700', 'Gárdonyi G. u. 26.'),
(170, 'Borsodnádasdi Közösségi Ház és Könyvtár', '3671', 'Köztársaság út 12.'),
(171, 'Bródy Sándor Megyei és Városi Könyvtár', '3300', 'Kossuth Lajos út 16.'),
(172, 'Bródy Sándor Megyei és Városi Könyvtár Plázakönyvtár', '3300', 'Törvényház u. 4. Agria Park Vásártér'),
(173, 'Bródy Sándor Megyei és Városi Könyvtár. II. sz. fiókkönyvtár', '3300', 'Kovács Jakab u. 35.'),
(174, 'Bródy Sándor Megyei és Városi Könyvtár. III. sz. fiókkönyvtár', '3300', 'Kallómalom u. 88.'),
(175, 'Brunszvik-Beethoven Rendezvényszervező Központ és Könyvtár', '2462', 'Dózsa György út 13.'),
(176, 'Budajenő Művelődési Ház', '2093', 'Kossuth u. 6.'),
(177, 'Budapest Bank Nyrt. Tudásközpont Könyvtár', '1138', 'Váci út 193.'),
(178, 'Budapest Főváros Kormányhivatala Népegészségügyi Szakigazgatási Szerve Könyvtár', '1138', 'Váci út 174.'),
(179, 'Budapest Főváros Levéltára Szakkönyvtár', '1139', 'Teve utca 3-5.'),
(180, 'Budapest Környéki Törvényszék Könyvtára', '1146', 'Thököly út 97-101.'),
(181, 'Budapest Táncművészeti Szakközépiskola és Alapfokú Művészetoktatási Intézmény Budapest Kortárstánc Főiskola Gyakorlóiskola Könyvtár', '1036', 'Perc utca 2.'),
(182, 'Budapest V. kerületi Pedagógiai Intézet Könyvtára', '1051', 'Kálvin tér 3.'),
(183, 'Budapest XXI. Kerület Csepel Önkormányzata Nagy Imre Általános Művelődési Központ', '1214', 'Simon Bolivár sétány 4-8.'),
(184, 'Budapesti Corvinus Egyetem Egyetemi Könyvtár és Levéltár', '1093', 'Közraktár u. 4-6.'),
(185, 'Budapesti Gazdasági Egyetem Gazdálkodási Kar Zalaegerszeg Könyvtára', '8900', 'Gasparich u. 18/a'),
(186, 'Budapesti Gazdasági Egyetem. Kereskedelmi  Vendéglátóipari és Idegenforgalmi Kar Kari Könyvtára', '1054', 'Alkotmány u. 9-11.'),
(187, 'Budapesti Gazdasági Egyetem. Kereskedelmi  Vendéglátóipari és Idegenforgalmi Kar. Idegenforgalmi Szakkönyvtár', '1072', 'Klauzál tér 5.'),
(188, 'Budapesti Gazdasági Egyetem. Külkereskedelmi Kar Könyvtára', '1165', 'Diósy Lajos u. 22-24.'),
(189, 'Budapesti Gazdasági Egyetem. Pénzügyi és Számviteli Kar Könyvtára', '1148', 'Bagolyvár u. 6-10.'),
(190, 'Budapesti Közlekedési Zrt. Könyvtár', '1072', 'Akácfa u. 15.'),
(191, 'Budapesti Metropolitan Egyetem Könyvtára', '1148', 'Nagy Lajos király útja 1-9.'),
(192, 'Budapesti Műszaki és Gazdaságtudományi Egyetem Országos Műszaki Információs Központ és Könyvtár', '1111', 'Budafoki út 4-6.'),
(193, 'Buddhista Misszió Dharma Könyvtára', '1117', 'Karinthy Frigyes út 5.'),
(194, 'Büki Művelődési és Sportközpont  Könyvtár', '9737', 'Eötvös u. 11.'),
(195, 'Büki Művelődési és Sportközpont  Könyvtár. Bükfürdői fiókkönyvtár', '9740', 'Termál körút 2.'),
(196, 'Büntetés-végrehajtás Országos Parancsnoksága Szakkönyvtár', '1054', 'Steindl Imre u. 8.'),
(197, 'Ceglédi Városi Könyvtár', '2700', 'Szabadság tér 5/a'),
(198, 'Chernel Kálmán Városi Könyvtár', '9730', 'Várkör 35-37.');
INSERT INTO konyvtarak VALUES
(199, 'Ciszterci Műemlékkönyvtár', '8420', 'Rákóczi tér 1. II. em'),
(200, 'Ciszterci Nővérek Boldogasszony Háza Monostor Könyvtára', '2623', 'Szuttai dűlő 8328.'),
(201, 'Cogito Általános Művelődési Központ. Petőfi Sándor Művelődési Ház és Könyvtár', '3121', 'Somosi út 101.'),
(202, 'Csajág Községi Könyvtár', '8163', 'Petőfi u. 1.'),
(203, 'Csanádpalotai Városi Könyvtár', '6913', 'Kálmány Lajos u. 6.'),
(204, 'Csanytelek Községi Könyvtár', '6647', 'Szent László u. 4/a.'),
(205, 'Csepeli Munkásotthon Könyvtára', '1215', 'Árpád u. 1.'),
(206, 'CSILI Művelődési Központ Könyvtára', '1201', 'Nagy Győri István u. 4-6.'),
(207, 'Csokonai Művelődési Központ Dokumentumtár és Információs Központ', '1153', 'Bocskai u. 70-78.'),
(208, 'Csokonai Vitéz Mihály Református Gimnázium  Általános Iskola és Kollégium', '8840', 'Széchenyi tér 9.'),
(209, 'Csongrádi Információs Központ Csemegi Károly Könyvtár és Tari László Bokros Fiókkönyvtár', '6648', 'Árpád vezér u. 2.'),
(210, 'Csongrádi Információs Központ Csemegi Károly Könyvtár és Tari László Múzeum', '6640', 'Szentháromság tér 12.'),
(211, 'Csorba Győző Könyvtár', '7622', 'Universitas u. 2/a.'),
(212, 'Csorba Győző Könyvtár Belvárosi Könyvtár', '7621', 'Király u. 9.'),
(213, 'Csorba Győző Könyvtár Csipkefa Gyermekkönyvtár', '7622', 'Bajcsy-Zsilinszky u. 10.'),
(214, 'Csorba Győző Könyvtár Kertvárosi Fiókkönyvtár', '7632', 'Honvéd tér 1.'),
(215, 'Csorba Győző Könyvtár Minerva Fiókkönyvtár', '7633', 'Dr. Veress Endre u. 6.'),
(216, 'Csorba Győző Könyvtár Várkonyi Nándor Könyvtár', '7624', 'Nagy Jenő u. 24.'),
(217, 'Csornai Városi Művelődési Központ és Könyvtár', '9300', 'Soproni út 57.'),
(218, 'Csorvási Szolgáltató Nonprofit Kft. Bartók Béla Városi és Iskolai Könyvtár', '5920', 'Petőfi S. u. 12.'),
(219, 'Csuka Zoltán Városi Könyvtár', '2030', 'Hivatalnok u. 14.'),
(220, 'Csuka Zoltán Városi Könyvtár. Parkvárosi Könyvtár', '2030', 'Bajcsy-Zsilinszky út 206.'),
(221, 'Csuka Zoltán Városi Könyvtár. Parkvárosi Közösségi Ház  Jószomszédság könyvtára', '2030', 'Sárd utca 35.'),
(222, 'Csurgói Városi Könyvtár', '8840', 'Baksay u. 6.'),
(223, 'Damjanich János Múzeum Könyvtár', '5000', 'Kossuth tér 4.'),
(224, 'Damjanich úti Óvoda. A Városi Könyvtár fiókkönyvtára', '5200', 'Damjanich út 23.'),
(225, 'Dankó Pista Művelődési Ház és Könyvtár', '6763', 'Dózsa u. 42.'),
(226, 'Deák Ferenc Középiskolai Kollégium Könyvtár', '1143', 'Tábornok u. 22.'),
(227, 'Deák Ferenc Megyei és Városi Könyvtár', '8900', 'Deák Ferenc tér 6.'),
(228, 'Deák Ferenc Megyei és Városi Könyvtár Andráshidai Fiókkönyvtár', '8900', 'Iskola u. 1.'),
(229, 'Deák Ferenc Megyei és Városi Könyvtár Apáczai Csere János Tagkönyvtár', '8900', 'Apáczai tér 5.'),
(230, 'Deák Ferenc Megyei és Városi Könyvtár Csácsbozsoki Fiókkönyvtár', '8900', 'Szivárvány tér 1.'),
(231, 'Deák Ferenc Megyei és Városi Könyvtár Ellátóközpont', '8900', 'Deák tér 6.,'),
(232, 'Deák Ferenc Megyei és Városi Könyvtár József Attila Városi Tagkönyvtár', '8900', 'Landorhegyi u. 21.'),
(233, 'Deák Ferenc Megyei és Városi Könyvtár Nyugdíjasházi Fiókkönyvtár', '8900', 'Kossuth L. u. 58-60.'),
(234, 'Deák Ferenc Megyei és Városi Könyvtár Ságodi Fiókkönyvtár', '8900', 'Ságodi u. 129.'),
(235, 'Deák Ferenc Megyei és Városi Könyvtár Zalabesenyői Fiókkönyvtár', '8900', 'Besenyő u. 20.'),
(236, 'Debrecen-Nyíregyházi Egyházmegyei Levéltár és Könyvtár', '4024', 'Varga u. 2'),
(237, 'Debreceni Egyetem Egészségügyi Főiskolai Kar Könyvtára', '4400', 'Sóstói u. 2.'),
(238, 'Debreceni Egyetem Egyetemi és Nemzeti Könyvtár. Kenézy Élettudományi Könyvtár', '4012', 'Nagyerdei krt. 98.'),
(239, 'Debreceni Egyetem. Egyetemi és Nemzeti Könyvtár', '4032', 'Egyetem tér 1.'),
(240, 'Debreceni Református Hittudományi Egyetem Maróthi György Könyvtára', '4024', 'Fűvészkert u. 2.'),
(241, 'Debreceni Református Hittudományi Egyetem Szakkönyvtára', '4044', 'Kálvin tér 16.'),
(242, 'Debreceni Törvényszék Jogi Szakkönyvtára', '4025', 'Széchenyi u. 9.'),
(243, 'DEENK Bölcsészettudományi ésTermészettudományi Könyvtár', '4032', 'Egyetem tér 1.'),
(244, 'DEENK Böszörményi úti Campus Könyvtára', '4032', 'Böszörményi út 138'),
(245, 'DEENK Élettudományi Könyvtár', '4032', 'Egyetem tér 1.'),
(246, 'DEENK Kassai úti Campus Könyvtára', '4028', 'Kassai u. 26'),
(247, 'DEENK Műszaki Könyvtár', '4028', 'Ótemető u. 2-4.'),
(248, 'DEENK Pedagógiai Könyvtár', '4220', 'Désány István út 1-9.'),
(249, 'DEENK Zeneművészeti Könyvtár', '4032', 'Nagyerdei körút 82.'),
(250, 'Dégi Általános Művelődési Központ. Könyvtár', '8135', 'Köztársaság u. 33.'),
(251, 'Dérczy Ferenc Könyvtár és Közművelődési Intézmény', '5553', 'Iskola u. 2/6.'),
(252, 'Derecske Városi Művelődési Központ és Könyvtár', '4130', 'Köztársaság út 107.'),
(253, 'Derkovits Kulturális Központ. Hamvas Béla Városi Könyvtár', '3580', 'Széchenyi út 37.'),
(254, 'Déryné Kulturális  Turisztikai  Sport Központ és Könyvtár', '5300', 'Dózsa Gy. u. 29.'),
(255, 'Déryné Kulturális Központ. Községi Könyvtár', '6794', 'Dorozsmai út 48.'),
(256, 'Déryné Művelődési Központ és Könyvtár', '2747', 'Dózsa Gy. út 19.'),
(257, 'Deszki Művelődési Ház és Könyvtár', '6772', 'Tempfli tér 8.'),
(258, 'Dévaványai Általános Művelődési Központ. Ladányi Mihály Könyvtár  Művelődési Ház és Bereczki Imre Helytörténeti Gyűjtemény', '5510', 'Árpád u. 20.'),
(259, 'Devecseri Városi Könyvtár és Művelődési Ház', '8460', 'Petőfi tér 5.'),
(260, 'Dobozi Közösségi Ház és Könyvtár', '5624', 'Hunyadi tér 1.'),
(261, 'Dobronhegy Községi Könyvtár', '8989', 'Petőfi Sándor utca 18.'),
(262, 'Domaszék Községi Önkormányzat Könyvtára', '6781', 'Dózsa Gy. u. 39.'),
(263, 'Dombóvár Város Könyvtára', '7200', 'Hunyadi tér 25.'),
(264, 'DPC Ferencz Pál Könyvtár', '1097', 'Albert Flórián út 5-7.'),
(265, 'Dr. Bendefy László Városi Könyvtár', '9800', 'Alkotmány u. 5.'),
(266, 'Dr. Bendefy László Városi Könyvtár Fiókkönyvtára', '9800', 'Kossuth Lajos u. 1.'),
(267, 'Dr. Borzsák István Városi Könyvtár és Helytörténeti Kiállítás', '2200', 'Kossuth L. u. 88.'),
(268, 'Dr. Erdész Sándor Könyvtár', '4324', 'Kossuth út 98.'),
(269, 'Dr. Kovács Pál Könyvtár és Közösségi Tér Gyárvárosi Fiókkönyvtár', '9027', 'Külső Árpád út 6-8.'),
(270, 'Dr. Kovács Pál Könyvtár és Közösségi Tér Győrszentiváni Fiókkönyvtár', '9011', 'Ősi út 1.'),
(271, 'Dr. Kovács Pál Könyvtár és Közösségi Tér Marcalvárosi Fiókkönyvtár', '9024', 'Ikva u. 27/a.'),
(272, 'Dr. Kovács Pál Könyvtár és Közösségi Tér Ménfőcsanaki Fiókkönyvtár', '9012', 'Győri út 90.'),
(273, 'Dr. Kovács Pál Könyvtár és Közösségi Tér Szabadhegyi Fiókkönyvtár', '9028', 'Móra park 1.'),
(274, 'Dr. Kovács Pál Könyvtár és Közösségi Tér Szigeti Fiókkönyvtár', '9025', 'Köztelek u. 4-10.'),
(275, 'Dr. Kovács Pál Megyei Könyvtár és Közösségi Tér', '9021', 'Herman Ottó u. 22.'),
(276, 'Dunaföldvári Művelődési Központ és Könyvtár', '7020', 'Béke tér 13.'),
(277, 'Dunaharaszti Városi Könyvtár és József Attila Művelődési Ház', '2330', 'Dózsa György u. 12/b'),
(278, 'Dunakeszi Óvodai és Humán Szolgáltató Központ és Könyvtár. Kölcsey Ferenc Városi Könyvtár', '2120', 'Kossuth Lajos u. 6.'),
(279, 'Dunamelléki Református Egyházkerület Ráday Gyűjteménye. Könyvtár', '1092', 'Ráday u. 28.'),
(280, 'Dunántúli Református Egyházkerület Tudományos Gyűjteményei. Könyvtár', '8500', 'Március 15. tér 9.'),
(281, 'Dunaújvárosi Egyetem Könyvtár és Információs Központ', '2400', 'Táncsics M. u. 1/a.'),
(282, 'Dunavarsány Városi Könyvtár', '2336', 'Kossuth Lajos u. 2.'),
(283, 'Ecseny Könyvtári Szolgáltatóhely', '7457', 'Petőfi S. u. 116.'),
(284, 'Edelényi Művelődési Központ  Könyvtár és Közérdekű Muzeális Kiállítóhely', '3780', 'István király útja 49.'),
(285, 'Edutus Főiskola Budapesti Tagozat Könyvtára', '1037', 'Bécsi út 324.'),
(286, 'Edutus Főiskola Könyvtára', '2800', 'Béla király körút 58.'),
(287, 'Egészségügyi Nyilvántartási és Képzési Központ Egészségügyi Szakkönyvtára', '1085', 'Horánszky u. 15.'),
(288, 'EGIS Gyógyszergyár Zrt. Műszaki Könyvtár', '1106', 'Keresztúri út 30-38.'),
(289, 'Egressy Béni Városi Könyvtár', '3700', 'Rákóczi tér 9.'),
(290, 'Egri Hittudományi Főiskola Könyvtára', '3300', 'Foglár György u. 6.'),
(291, 'Egri Törvényszék Könyvtára', '3300', 'Barkóczy u. 1.'),
(292, 'Egyesített Közművelődési Intézmény és Könyvtár', '4440', 'Szabadság tér 1.'),
(293, 'Egyetemi Könyvtár', '1053', 'Ferenciek tere 6.'),
(294, 'ELTE Apáczai Csere János Gyakorló Gimnázium és Kollégium Könyvtár', '1053', 'Papnövelde u. 4-6.'),
(295, 'ELTE Bibó István Szakkollégium Könyvtár', '1118', 'Ménesi út 12.'),
(296, 'ELTE BTK Angol-Amerikai Intézet Könyvtár', '1088', 'Múzeum krt. 6-8.'),
(297, 'ELTE BTK Filozófiai Intézet Könyvtár', '1088', 'Múzeum krt. 4/i.');
INSERT INTO konyvtarak VALUES
(298, 'ELTE BTK Germanisztikai Intézet Könyvtár', '1088', 'Múzeum krt. 6-8.'),
(299, 'ELTE BTK Könyvtár- és Információtudományi Intézet Könyvtára', '1088', 'Múzeum krt. 6-8.'),
(300, 'ELTE BTK Központi Olvasóterem', '1088', 'Múzeum krt. 6-8.'),
(301, 'ELTE BTK Magyar Irodalom- és Kultúratudományi Intézet Toldy Ferenc Könyvtár', '1088', 'Múzeum körút 4/a.'),
(302, 'ELTE BTK Magyar Nyelvtudományi és Finnugor Intézet Könyvtára', '1088', 'Múzeum krt. 4/a.'),
(303, 'ELTE BTK Művészettörténeti Intézet Könyvtár', '1088', 'Múzeum krt. 6-8.'),
(304, 'ELTE BTK Néprajzi Intézet Könyvtár', '1088', 'Múzeum krt. 6-8.'),
(305, 'ELTE BTK Ókortudományi Intézet Könyvtár', '1088', 'Múzeum krt. 4/F.'),
(306, 'ELTE BTK Orientalisztikai Intézet Könyvtár', '1088', 'Múzeum krt. 4/b.'),
(307, 'ELTE BTK Régészettudományi Intézet Könyvtár', '1088', 'Múzeum krt. 4/b.'),
(308, 'ELTE BTK Romanisztikai Intézet Könyvtár', '1088', 'Múzeum körút 4/c.'),
(309, 'ELTE BTK Szláv és Balti Filológiai Intézet Könyvtár', '1088', 'Múzeum krt. 4/d.'),
(310, 'ELTE BTK Távol-Keleti Intézet Könyvtár', '1088', 'Múzeum krt. 6-8.'),
(311, 'ELTE BTK Történeti Intézet Szekfű Gyula Könyvtár', '1088', 'Múzeum krt. 6-8.'),
(312, 'ELTE Eötvös József Collegium Mednyánszky Dénes Könyvtár és Levéltár', '1118', 'Ménesi út 11-13.'),
(313, 'ELTE Gothard Jenő Asztrofizikai Obszervatórium Könyvtár', '9700', 'Szent Imre herceg u.'),
(314, 'ELTE Informatikai Kar Könyvtár', '1117', 'Pázmány Péter stny. 1/c.'),
(315, 'ELTE Kőrösi Csoma Sándor Kollégium Könyvtár', '1118', 'Dayka G. u. 4.'),
(316, 'ELTE Radnóti Miklós Gyakorló Általános Iskola és Gyakorló Gimnázium Könyvtára', '1146', 'Cházár András u. 10.'),
(317, 'ELTE Tanító- és Óvóképző Főiskolai Kar Könyvtára', '1126', 'Kiss János altb. u. 40.'),
(318, 'ELTE Társadalomtudományi Kar Kari Könyvtár', '1117', 'Pázmány Péter sétány 1/a.'),
(319, 'ELTE Természettudományi Kar Könyvtár', '1117', 'Pázmány sétány 1/c.'),
(320, 'ELTE Trefort Ágoston Gyakorlóiskola Könyvtár', '1088', 'Trefort u. 8.'),
(321, 'Emődi Művelődési Ház és Könyvtár', '3432', 'Hunyadi u. 27-29.'),
(322, 'Encsi Városi Művelődési Központ és Könyvtár', '3860', 'Rákóczi út 9.'),
(323, 'Eötvös József Főiskola Könyvtára', '6500', 'Bajcsy-Zsilinszky u. 12-14.'),
(324, 'Eötvös József Művelődési Ház és Könyvtár', '2451', 'Szent István út 12-14.'),
(325, 'Eötvös Károly Községi Könyvtár és Művelődési Ház', '8133', 'Kossuth u. 46.'),
(326, 'Eötvös Károly Megyei Könyvtár', '8200', 'Komakút tér 3.'),
(327, 'Eötvös Károly Megyei Könyvtár Cholnoky Lakótelepi Könyvtára', '8200', 'Rózsa utca 48.'),
(328, 'Eötvös Károly Megyei Könyvtár Dózsavárosi Könyvtár', '8200', 'Szent István u. 73.'),
(329, 'Eötvös Károly Megyei Könyvtár Március 15. úti Könyvtára', '8200', 'Március 15.u.1/A'),
(330, 'Eötvös Loránd Tudományegyetem Egyetemközi Francia Központ Francia Pedagógiai Könyvtára', '1088', 'Múzeum krt. 4/f'),
(331, 'Eötvös Loránd Tudományegyetem Pedagógiai és Pszichológiai Kar Könyvtára', '1075', 'Kazinczy u. 23-27.'),
(332, 'Eötvös Loránd Tudományegyetem. Állam- és Jogtudományi Kar. Kari Könyvtár', '1053', 'Egyetem tér 1-3.'),
(333, 'Eötvös Loránd Tudományegyetem. Bárczi Gusztáv Gyógypedagógiai Kar. Kari Könyvtár és Gyógypedagógia-történeti Gyűjtemény', '1097', 'Ecseri út 3.'),
(334, 'Erdőkertesi Faluház és Könyvtár', '2113', 'Fő út 112.'),
(335, 'Erdőtelki Művelődési Ház és Könyvtár', '3358', 'Tenki u. 47.'),
(336, 'Érdy János Könyvtár és Információs Központ', '2628', 'Árpád u. 17.'),
(337, 'Erkel Ferenc Múzeum', '5700', 'Kossuth utca 17.'),
(338, 'Erkel Ferenc Művelődési Ház és Könyvtár', '4516', 'Szabolcs vezér u. 6.'),
(339, 'Ernyey József Gyógyszerésztörténeti Könyvtár', '1084', 'Mátyás tér 3.'),
(340, 'Erzsébet Vigadó és Városi Könyvtár', '7754', 'Széchenyi tér 10.'),
(341, 'Esztergomi Főszékesegyházi Könyvtár', '2500', 'Pázmány Péter u. 2.'),
(342, 'Esztergomi Hittudományi Főiskola Könyvtára', '2500', 'Szent István tér 10.'),
(343, 'Eszterházy Károly Egyetem Tittel Pál Könyvtár Egri Campus Könyvtára', '3300', 'Eszterházy tér 1.'),
(344, 'Evangélikus Hittudományi Egyetem Könyvtára', '1141', 'Rózsavölgyi köz 3.'),
(345, 'Evangélikus Országos Könyvtár', '1085', 'Üllői út 24.'),
(346, 'Ex Libris Könyvtári Alapítvány Nyilvános Könyvtára', '1062', 'Bajza u. 18.'),
(347, 'Fábiánsebestyéni Arany János Általános Óvoda  Közművelődési Intézmény és Könyvtár', '6625', 'Úttörő tér 3.'),
(348, 'Fáklya Művelődési Ház és Könyvtár', '8868', 'Szabadság tér 15.'),
(349, 'Falu Tamás Városi Könyvtár', '2364', 'Falu Tamás u. 44.'),
(350, 'Faludi Ferenc Könyvtár Berki úti Fiókkönyvtára', '9900', 'Berki út 18.'),
(351, 'Faludi Ferenc Könyvtár Nádalja úti Fiókkönyvtára', '9900', 'Nádaljai út 19.'),
(352, 'Fegyverneki Művelődési Ház és Könyvtár', '5231', 'Szent Erzsébet út 146.'),
(353, 'Fehérgyarmati Móricz Zsigmond Művelődési Ház és Könyvtár', '4900', 'Kossuth tér 40.'),
(354, 'Fejér György Városi Könyvtár', '8360', 'Zeppelin tér 3.'),
(355, 'Fejér Megyei Szent György Egyetemi Oktató Kórház - Orvosi Könyvtár', '8000', 'Seregélyesi út 3.'),
(356, 'Fejér Megyei Szent György Egyetemi Oktató Kórház Csákvári Gyógyintézete Betegek Könyvtára', '8083', 'Kastélypark 1.'),
(357, 'Fejér Megyei Szent György Kórház. Orvosi Könyvtár', '8083', 'Kastélypark 4.'),
(358, 'Fekete István Könyvtár  Kulturális és Szabadidő Központ', '3385', 'Fő út 159.'),
(359, 'Felső-Bácskai Általános Művelődési Központ. Közművelődési és Közgyűjteményi Intézményegység Könyvtára', '6345', 'Petőfi u. 50.'),
(360, 'Felsőtárkány Könyvtári  Információs és Közösségi Hely', '3324', 'Fő út 157.'),
(361, 'Felsőzsolcai Közművelődési Intézet és Városi Könyvtár', '3561', 'Szent István u. 2.'),
(362, 'Fényeslitke Községi Könyvtár', '4621', 'Kossuth u. 96.'),
(363, 'Ferenczy Múzeum Könyvtára', '2000', 'Fő tér 2-5.'),
(364, 'Ferenczy Múzeum Szentendre Könyvtára', '2000', 'Kossuth Lajos u. 5.'),
(365, 'Fertőrákosi Községi és Iskolai Könyvtár', '9421', 'Fő utca 234.'),
(366, 'Fészek Művészklub Könyvtára', '1073', 'Kertész u. 36.'),
(367, 'Floriana Könyvtár és Közösségi Tér', '8083', 'Széchenyi u. 8.'),
(368, 'Fodor András Községi és Iskolai Könyvtár', '7521', 'Hunyadi u. 9-11.'),
(369, 'Folklórdokumentációs Könyvtár és Archívum', '1011', 'Corvin tér 8.'),
(370, 'Fonyódi Kulturális Központ  Könyvtár és Muzeális Gyűjtemény', '8640', 'Ady Endre u. 17'),
(371, 'Fóti Közművelődési és Közgyűjteményi Központ. Városi Könyvtár', '2151', 'Dózsa Gy. u. 12-14.'),
(372, 'Fóti Közművelődési és Közgyűjteményi Központ. Városi Könyvtár. Kisalagi fiókkönyvtár', '2151', 'Béke u. 33'),
(373, 'Főegyházmegyei Könyvtár  Eger', '3300', 'Eszterházy tér 1. I. em. 221-223.'),
(374, 'Földes Községi Könyvtár', '4177', 'Karácsony Sándor tér 6.'),
(375, 'Földi János Könyvtár  Emlékház  Hajdúhadházi Galéria', '4242', 'Dr. Földi János u. 8.'),
(376, 'Földmérési és Távérzékelési Intézet Szakkönyvtár', '1149', 'Bosnyák tér 5.'),
(377, 'Főpolgármesteri Hivatal Szakkönyvtár', '1052', 'Városház u. 9-11.'),
(378, 'Fővárosi Ítélőtábla Könyvtára', '1027', 'Feketesas u. 3.'),
(379, 'Fővárosi Önkormányzat. A Szent Margit Kórház-Rendelőintézet Orvosi Könyvtára', '1032', 'Bécsi u. 132.'),
(380, 'Fővárosi Szabó Ervin Könyvtár', '1088', 'Szabó Ervin tér 1.'),
(381, 'Fővárosi Szabó Ervin Könyvtár Angyalföldi Kertvárosi Könyvtára', '1131', 'Mosoly u. 40/a'),
(382, 'Fővárosi Szabó Ervin Könyvtár Angyalföldi Könyvtára', '1138', 'Dagály u. 9/a.'),
(383, 'Fővárosi Szabó Ervin Könyvtár Babits Mihály Könyvtára', '1046', 'Lóverseny tér 5/a.'),
(384, 'Fővárosi Szabó Ervin Könyvtár Békásmegyeri Könyvtára', '1039', 'Füst Milán u. 26.'),
(385, 'Fővárosi Szabó Ervin Könyvtár Belvárosi Könyvtára', '1054', 'Vadász u. 42.'),
(386, 'Fővárosi Szabó Ervin Könyvtár Boráros Könyvtára', '1093', 'Boráros tér 2.'),
(387, 'Fővárosi Szabó Ervin Könyvtár Bosnyák Könyvtára', '1145', 'Bosnyák u. 1/a'),
(388, 'Fővárosi Szabó Ervin Könyvtár Csillaghegyi Könyvtára', '1039', 'Bajáki Elemér u. 5-7.'),
(389, 'Fővárosi Szabó Ervin Könyvtár Csillagtelepi Könyvtára', '1214', 'Vénusz u. 2.'),
(390, 'Fővárosi Szabó Ervin Könyvtár Deák Ferenc Könyvtára', '1074', 'Rottenbiller u. 10.'),
(391, 'Fővárosi Szabó Ervin Könyvtár Eötvös Könyvtára', '1153', 'Eötvös u. 8.'),
(392, 'Fővárosi Szabó Ervin Könyvtár Erzsébetvárosi Könyvtára', '1073', 'Kertész u. 15.'),
(393, 'Fővárosi Szabó Ervin Könyvtár Ferencvárosi Könyvtára', '1095', 'Mester u. 53.'),
(394, 'Fővárosi Szabó Ervin Könyvtár Füredi Könyvtára', '1144', 'Rákosfalva park 1-3.'),
(395, 'Fővárosi Szabó Ervin Könyvtár Havanna lakótelepi Könyvtára', '1181', 'Csontváry K. T. u. 32.'),
(396, 'Fővárosi Szabó Ervin Könyvtár József Attila Könyvtára', '1098', 'Börzsöny u. 13.');
INSERT INTO konyvtarak VALUES
(397, 'Fővárosi Szabó Ervin Könyvtár Józsefvárosi Könyvtára', '1089', 'Kálvária tér 12.'),
(398, 'Fővárosi Szabó Ervin Könyvtár Karinthy Frigyes Könyvtára', '1117', 'Karinthy F. út 11.'),
(399, 'Fővárosi Szabó Ervin Könyvtár Kassák Könyvtára', '1145', 'Uzsoki u. 57.'),
(400, 'Fővárosi Szabó Ervin Könyvtár Kelenföldi Könyvtára', '1119', 'Etele út 55.'),
(401, 'Fővárosi Szabó Ervin Könyvtár Királyerdei Könyvtára', '1213', 'Szent István út 230.'),
(402, 'Fővárosi Szabó Ervin Könyvtár Kispesti Könyvtára', '1191', 'Üllői út 255.'),
(403, 'Fővárosi Szabó Ervin Könyvtár Kőbányai Könyvtára', '1102', 'Szent László tér 7-14.'),
(404, 'Fővárosi Szabó Ervin Könyvtár Krúdy Gyula Könyvtára', '1033', 'Fő tér 5.'),
(405, 'Fővárosi Szabó Ervin Könyvtár Lőportár dűlői Könyvtára', '1134', 'Lehel u. 31.'),
(406, 'Fővárosi Szabó Ervin Könyvtár Lőrinci Nagykönyvtára', '1183', 'Thököly út 5.'),
(407, 'Fővárosi Szabó Ervin Könyvtár Móricz Zsigmond Könyvtára', '1118', 'Nagyszeben tér 1.'),
(408, 'Fővárosi Szabó Ervin Könyvtár Nagytétényi Könyvtára', '1222', 'Nagytétényi u. 283.'),
(409, 'Fővárosi Szabó Ervin Könyvtár Pesterzsébeti Könyvtára', '1201', 'Bíró Mihály u. 7.'),
(410, 'Fővárosi Szabó Ervin Könyvtár Pestszentimrei Könyvtára', '1188', 'Nagykőrösi út 56.'),
(411, 'Fővárosi Szabó Ervin Könyvtár Pestújhelyi Könyvtára', '1158', 'Szűcs István u. 45.'),
(412, 'Fővárosi Szabó Ervin Könyvtár Radnóti Miklós Könyvtára', '1133', 'Pannónia u. 88-90.'),
(413, 'Fővárosi Szabó Ervin Könyvtár Rákoscsabai Könyvtára', '1171', 'Péceli út 230.'),
(414, 'Fővárosi Szabó Ervin Könyvtár Rákosi Könyvtára', '1162', 'Rákosi út 119.'),
(415, 'Fővárosi Szabó Ervin Könyvtár Sashalmi Könyvtára', '1163', 'Veres Péter út 53.'),
(416, 'Fővárosi Szabó Ervin Könyvtár Sétáló Könyvtára', '1214', 'II. Rákóczi Ferenc u. 106-108.'),
(417, 'Fővárosi Szabó Ervin Könyvtár Soroksári Könyvtára', '1238', 'Grassalkovich u. 128.'),
(418, 'Fővárosi Szabó Ervin Könyvtár Terézvárosi Gyermekkönyvtára', '1061', 'Liszt Ferenc tér 6.'),
(419, 'Fővárosi Szabó Ervin Könyvtár Terézvárosi Könyvtára', '1062', 'Andrássy út 52.'),
(420, 'Fővárosi Szabó Ervin Könyvtár Újhegyi Könyvtára', '1108', 'Újhegyi sétány 16.'),
(421, 'Fővárosi Szabó Ervin Könyvtár Újpesti Könyvtára', '1042', 'Király u. 5.'),
(422, 'Fővárosi Szabó Ervin Könyvtár Vécsey lakótelepi Könyvtára', '1204', 'Pacsirta u. 157/b'),
(423, 'Fővárosi Szabó Ervin Könyvtár. Központi Könyvtár', '1088', 'Szabó Ervin tér 1.'),
(424, 'Fővárosi Szabó Ervin Könyvtár. Zenei gyűjtemény', '1088', 'Ötpacsirta u. 4.'),
(425, 'Fővárosi Törvényszék Könyvtára', '1055', 'Markó u. 27. I. em. 38.'),
(426, 'Furmann Imre Művelődési Ház és Könyvtár', '3433', 'Kossuth u. 56.'),
(427, 'Füzesabonyi Könyvtár és Közösségi Ház', '3390', 'Rákóczi út 52-54.'),
(428, 'Gábor Dénes Főiskola Könyvtár', '1119', 'Mérnök u. 39.'),
(429, 'Gál Ferenc Főiskola Könyvtára', '6720', 'Dóm tér 6.'),
(430, 'Gál Ferenc Főiskola Pedagógiai Kar Könyvtára', '5540', 'Szabadság u. 4.'),
(431, 'Gárdonyi Géza Könyvtár és Kulturális Központ', '2483', 'Szabadság u. 14.'),
(432, 'Gárdonyi Géza Könyvtár és Kulturális Központ. Agárdi fiókkönyvtár', '2484', 'Márvány u. 27.'),
(433, 'Gárdonyi Géza Könyvtár és Kulturális Központ. Dinnyési fiókkönyvtár', '2485', 'Gárdonyi G. u. 6.'),
(434, 'Gárdonyi Géza Művelődési Ház és Könyvtár', '3231', 'Bartók Béla út 2-4.'),
(435, 'Gárdonyi Géza Művelődési Ház és Könyvtár', '8000', 'Sóstó ltp. 1.'),
(436, 'Gárdonyi Géza Városi Könyvtár', '2840', 'Szent Borbála tér 1.'),
(437, 'Gáthy Zoltán Városi Könyvtár és Helytörténeti Múzeum', '2510', 'Bécsi út 42.'),
(438, 'Golgota Teológiai Főiskola könyvtára', '7041', 'Petőfi Sándor utca 562 hrsz.'),
(439, 'Gonda Ferenc Városi Könyvtár', '4183', 'Szabadság tér 5.'),
(440, 'Gondozási Központ és Községi Könyvtár', '4275', 'Damjanich u. 1.'),
(441, 'Gondozási Központ. A Városi Könyvtár fiókkönyvtára', '5200', 'Almásy út 23.'),
(442, 'Gottsegen György Országos Kardiológiai Intézet Könyvtára', '1096', 'Haller u. 29.'),
(443, 'Göd Városi Könyvtár', '2131', 'Pesti út 72.'),
(444, 'Gödi Városi Könyvtár Ady Fiókkönyvtár', '2132', 'Kálmán u. 13.'),
(445, 'Gödöllői Városi Könyvtár és Információs Központ', '2100', 'Dózsa Gy. u. 8.'),
(446, 'Gödöllői Városi Múzeum Könyvtára', '2100', 'Szabadság tér 5.'),
(447, 'Göncöl Alapítvány Könyvtára', '2600', 'Ilona u. 3.'),
(448, 'gr. Bercsényi Zsuzsanna Városi Könyvtár', '2040', 'Károly király u. 20.'),
(449, 'Gróf I. Festetics György Művelődési Központ  Városi Könyvtár és Muzeális Gyűjtemény', '8380', 'Rákóczi u. 17-19.'),
(450, 'GYMS Megyei Pedagógiai Intézet Pedagógiai Szakkönyvtára', '9022', 'Árpád u. 32.'),
(451, 'Gyógyszerészeti és Egészségügyi Minőség- és Szervezetfejlesztési Intézet Országos Gyógyszerészeti Intézet Könyvtár', '1051', 'Zrínyi u. 3.'),
(452, 'Gyóta Városrészi Fiókkönyvtár', '8700', 'Kölcsey F. u. 63.'),
(453, 'Gyöngyös Mátrai Állami Gyógyintézet Kékestetői Egység Betegkönyvtár', '3221', 'Kékestető'),
(454, 'Gyöngyösi Kulturális és Közgyüjteményi Központ. Vachott Sándor Városi Könyvtár', '3200', 'Fő tér 10.'),
(455, 'Gyöngyösoroszi Általános Művelődési Központ József Attila Könyvtára', '3211', 'Jókai út 3.'),
(456, 'Gyönki Művelődési Ház és Könyvtár', '7064', 'Dózsa Gy. tér 548.'),
(457, 'Győr Egyházmegyei Kincstár és Könyvtár', '9021', 'Káptalandomb 26.'),
(458, 'Győri Hittudományi Főiskola Könyvtára', '9021', 'Káptalandomb 26.'),
(459, 'Győri Ítélőtábla Jogi Szakkönyvtára', '9021', 'Domb u. 1.'),
(460, 'Győri Törvényszék Csizmadia Andor Jogi Szakkönyvtára', '9021', 'Szent István út 6.'),
(461, 'Gyulai Törvényszék Könyvtára', '5700', 'Béke sugárút 38.'),
(462, 'Hajnal-Lenkey-Jázmin Utcai Általános Művelődési Központ. Faluház és Könyvtár', '5600', 'Csabai út 1.'),
(463, 'Halászi Károly Művelődési Ház és Könyvtár', '2351', 'Dózsa tér 2.'),
(464, 'Halis István Városi Könyvtár', '8800', 'Kálvin tér 5.'),
(465, 'Halis István Városi Könyvtár. Hevesi úti fiókkönyvtár', '8800', 'Hevesi u. 6.'),
(466, 'Halis István Városi Könyvtár. Kiskanizsai fiókkönyvtár', '8800', 'Hajgató Sándor u. 1.'),
(467, 'Halis István Városi Könyvtár. Miklósfai Fiókkönyvtár', '8800', 'Kápolna tér 2.'),
(468, 'Halmajugra Községi Könyvtár', '3273', 'Kossuth L. u. 158.'),
(469, 'Hamvas Béla Városi Könyvtár', '2440', 'Szent István tér 5.'),
(470, 'Hamvas Béla Városi Könyvtár Tiszaparti Fiókkönyvtár', '3580', 'Neumann J. utca 1.'),
(471, 'Hamvas Béla Városi Könyvtár Tiszaszederkényi Fiókkönyvtár', '3580', 'Bocskai utca 33.'),
(472, 'Hári Mária Könyvtár és Regionális Forrásközpont', '1125', 'Kútvölgyi út 6.'),
(473, 'Harkány Városi Könyvtár  Kulturális- és Sportközpont', '7815', 'Kossuth Lajos u. 2/a'),
(474, 'Határ Győző Városi Könyvtár', '5500', 'Selyem út 124.'),
(475, 'HB Megyei Pedagógiai Intézet Pedagógiai Szakkönyvtára', '4029', 'Monti ezredes u. 7.'),
(476, 'Hegedüs Géza Városi Könyvtár', '2315', 'József A. u. 59.'),
(477, 'Hegyesi János Városi Könyvtár és Közművelődési Intézmény', '5525', 'Mátyás u. 10.'),
(478, 'Hegyvidéki Helytörténeti Gyűjtemény és Galéria Könyvtár', '1126', 'Beethoven utca 1/b.'),
(479, 'Heim Pál Gyermekkórház Egészségügyi Szakkönyvtár', '1089', 'Üllői út 86.'),
(480, 'Helikon Kastélymúzeum Közhasznú Nonprofit Kft. Könyvtára', '8360', 'Kastély u. 1.'),
(481, 'Helischer József Városi Könyvtár  Esztergom', '2500', 'Bánomi út 8.'),
(482, 'Helischer József Városi Könyvtár. Szentgyörgymezői Olvasókör', '2500', 'Andrássy János u. 23.'),
(483, 'Helytörténeti Múzeum Könyvtára', '5440', 'Kerületiház út. 8.'),
(484, 'Herceghalom Községi Könyvtára', '2053', 'Gesztenyés u. 15.'),
(485, 'Herman Ottó Múzeum Könyvtára', '3529', 'Görgey Artúr u. 28.'),
(486, 'Heves Megyei Pedagógiai Intézet', '3300', 'Szvorényi út 27.'),
(487, 'Heves Városi Művelődési  Közgyűjteményi Intézmény  Helytörténeti és Sakktörténeti Gyűjtemény  Kő Pál Szobrászművész Állandó Kiállítása. Könyvtár Tagintézmény', '3360', 'Erzsébet tér 8.'),
(488, 'Hevesi Kulturális Központ', '3360', 'Erkel F. u. 2.'),
(489, 'Hild Viktor Könyvtár', '5000', 'Karczag László u. 2.'),
(490, 'Holocaust Dokumentációs Központ és Emlékgyűjtemény Közalapítvány Könyvtár', '1094', 'Páva u. 39.'),
(491, 'Honvédelmi Minisztérium Hadtörténeti Intézet és Múzeum Hadtörténeti Térképtár', '1014', 'Kapisztrán tér 2-4.'),
(492, 'Honvédelmi Minisztérium Hadtörténeti Intézet és Múzeum Könyvgyűjtemény', '1014', 'Kapisztrán tér 2-4.'),
(493, 'Honvédelmi Minisztérium Hadtörténeti Intézet és Múzeum. Hadtörténeti Könyvtár', '1014', 'Kapisztrán tér 2-4.'),
(494, 'Honvédelmi Minisztérium Védelemgazdasági Hivatal Haditechnikai Könyvtára', '1135', 'Lehel utca 41.'),
(495, 'Hopp Ferenc Kelet-Ázsiai Művészeti Múzeum. Könyvtár', '1062', 'Andrássy út 103.');
INSERT INTO konyvtarak VALUES
(496, 'Hort Nagyközség Önkormányzatának Kulturális Centruma: Könyvtár  Közösségi Ház és Helytörténeti Kiállítóhely', '3014', 'Szabadság tér 23/a'),
(497, 'Horvátkút Városrészi Fiókkönyvtár', '8700', 'Horvátkúti u. 56.'),
(498, 'Hosszúpályi Nagyközség Önkormányzat Bem József Művelődési Központ', '4274', 'Debreceni u. 2.'),
(499, 'Hunfalvy János Fővárosi Gyakorló Kéttannyelvű Külkereskedelmi  Közgazdasági Szakközépiskola Könyvtára', '1011', 'Ponty utca 3.'),
(500, 'HungaroControl Zrt. Repülési Szakkönyvtár', '1185', 'Igló u. 33-35.'),
(501, 'Hunyadi Mátyás Általános Művelődési Központ. Művelődési Ház és Könyvtár', '4065', 'Hunyadi u. 2.'),
(502, 'Huszár Gál Városi Könyvtár', '9200', 'Erkel F. u. 16.'),
(503, 'Hutÿra Ferenc Könyvtár  Levéltár és Múzeum', '1078', 'István u. 2.'),
(504, 'I. sz. Fiókkönyvtár', '4440', 'Vasvári Pál út 95.'),
(505, 'Ibrányi László Művelődési Központ  Könyvtár és Sportcentrum', '4484', 'Hősök tere 2-4.'),
(506, 'Igazságügyi Megfigyelő és Elmegyógyító Intézet Könyvtár', '1108', 'Kozma u. 13.'),
(507, 'II. kerületi Pedagógiai Intézet Könyvtár', '1024', 'Keleti Károly u. 37.'),
(508, 'II. Rákóczi Ferenc Megyei és Városi Könyvtár', '3530', 'Görgey A. u. 11.'),
(509, 'II. Rákóczi Ferenc Megyei és Városi Könyvtár. Kaffka Margit Könyvtár', '3529', 'Park u. 8.'),
(510, 'II. Rákóczi Ferenc Megyei és Városi Könyvtár. Lévay József Muzeális Könyvtár', '3530', 'Mindszent tér 2.'),
(511, 'II. Rákóczi Ferenc Megyei és Városi Könyvtár. Móra Ferenc Könyvtár', '3524', 'Klapka György u. 2.'),
(512, 'II. Rákóczi Ferenc Megyei és Városi Könyvtár. Petőfi Sándor Könyvtár', '3534', 'Nagy Lajos király útja 16.'),
(513, 'II. Rákóczi Ferenc Megyei és Városi Könyvtár. Szabó Lőrinc Idegennyelvi Könyvtár', '3530', 'Mindszent tér 2. I. em.'),
(514, 'II. Rákóczi Ferenc Megyei és Városi Könyvtár. Tompa Mihály Könyvtár', '3528', 'Gyöngyösi István u. 1.'),
(515, 'II. Rákóczi Ferenc Művelődési Ház és Könyvtár', '4931', 'Kossuth u. 19/B.'),
(516, 'II. Rákóczi Ferenc Művelődési Ház- és Könyvtár', '4355', 'Vasút u. 2.'),
(517, 'Információs Hivatal Dr. Kocsis Kálmán Szakkönyvtár', '1021', 'Budakeszi út 85-87.'),
(518, 'Integrált Közösségi Szolgáltató Tér és Községi Könyvtár', '6795', 'Park tér 1.'),
(519, 'Iparművészeti Múzeum Könyvtára', '1091', 'Üllői út 33-37.'),
(520, 'Ipolyi Arnold Könyvtár  Múzeum és Kulturális Központ', '5200', 'Pánthy Endre út 2-6.'),
(521, 'Irinyi János Általános Iskola. Általános Iskolai és Városi Könyvtár', '4283', 'Kassai u. 8.'),
(522, 'Iskolai és Gyermekkönyvtár', '5126', 'Szabadság út 32.'),
(523, 'Iváncsai Könyvtár és Művelődési Központ', '2454', 'Arany J. u. 2.'),
(524, 'Izsáki Általános Művelődési Központ. Szily Kálmán Városi Könyvtár', '6070', 'Kossuth L. u. 54.'),
(525, 'Jahn Ferenc Dél-Pesti Kórház Könyvtár', '1204', 'Köves út 1.'),
(526, 'Janus Pannonius Múzeum Könyvtár', '7621', 'Káptalan utca 5.'),
(527, 'Jász-Nagykun-Szolnok Megyei Hetényi Géza Kórház-Rendelőintézet Orvosi Szakkönyvtára', '5000', 'Tószegi u. 21.'),
(528, 'Jászkerület Kulturális és Művészeti Közhasznú Nonprofit Kft. Városi Könyvtár', '5100', 'Bercsényi út 1.'),
(529, 'Jászkerület Kulturális és Művészeti Közhasznú Nonprofit Kft. Városi Könyvtár Fiókkönyvtára', '5152', 'Fő u. 22/2.'),
(530, 'Jászszentandrás Község Önkormányzatának Könyvtára', '5136', 'Rákóczi Ferenc út 92.'),
(531, 'JNSZ Megyei Főügyészség Könyvtára', '5000', 'Jókai út 10.'),
(532, 'Jókai Mór Művelődési Ház  Községi-Iskolai Könyvtár és Teleház', '9761', 'Fő u. 2.'),
(533, 'Jókai Mór Művelődési Ház és Községi Könyvtár', '2944', 'Jókai M. u. 5.'),
(534, 'Jókai Mór Városi Könyvtár', '2117', 'Dózsa Gy. u. 2.'),
(535, 'Jókai Mór Városi Könyvtár', '8500', 'Fő tér 1.'),
(536, 'Jókai Mór Városi Könyvtár', '2900', 'Táncsics M. u. 10.'),
(537, 'Jókai Mór Városi Könyvtár. Szőnyi fiókkönyvtár', '2921', '0'),
(538, 'József Attila Klubkönyvtár', '8315', 'Kossuth u. 97.'),
(539, 'József Attila Könyvtár Dunaújváros', '2400', 'Apáczai Cs. J. u. 9.'),
(540, 'József Attila Könyvtár Kál', '3350', 'Rózsa út 9.'),
(541, 'József Attila Közösségi Ház és Könyvtár', '6792', 'Alkotmány u. 1.'),
(542, 'József Attila Művelődési Ház és Könyvtár', '2116', 'József Attila u. 4.'),
(543, 'József Attila Művelődési Ház és Nagyközségi Könyvtár', '5321', 'Karcagi út 15.'),
(544, 'József Attila Művelődési Központ és Könyvtár', '4561', 'Köztársaság tér 16.'),
(545, 'József Attila Városi Könyvtár és Múzeum', '6900', 'Deák Ferenc u. 2.'),
(546, 'Juhász Jácint Művelődési Ház - Könyvtár', '2146', 'Fóti út 18.'),
(547, 'Juta Könyvtári Szolgáltatóhely', '7431', 'Dózsa György utca 29.'),
(548, 'Káli Általános Művelődési Központ. József Attila Könyvtár', '3350', 'Rózsa út 9.'),
(549, 'Kálmánfi Béla Művelődési Ház és Könyvtár', '2519', 'Hősök tere 10.'),
(550, 'Kalocsa Kulturális Központ és Könyvtár. Tomori Pál Városi és Főiskolai Könyvtár', '6300', 'Kossuth Lajos u. 22.'),
(551, 'Kalocsai Főszékesegyházi Könyvtár', '6300', 'Szentháromság tér 1.'),
(552, 'Kamaraerdei Fiókkönyvtár', '2040', 'Kismartoni utca 45.'),
(553, 'Kandó Kálmán Műszaki Főiskola. Számítógéptechnikai Intézet Könyvtára', '8000', 'Budai u. 45.'),
(554, 'Kanizsai Dorottya Múzeum  Ifjúsági Centrum és Könyvtár', '7700', 'Eötvös u. 2.'),
(555, 'Kaposvári Egyetem Egyetemi Könyvtár', '7400', 'Guba Sándor u. 40.'),
(556, 'Kaposvári Törvényszék Könyvtára', '7400', 'Bajcsy-Zsilinszky u. 3.'),
(557, 'Kármán József Városi Könyvtár és Közösségi Ház', '2721', 'Kávai út 1.'),
(558, 'Károli Gáspár Református Egyetem Állam- és Jogtudományi Kar Könyvtára', '1042', 'Viola u. 2-4.'),
(559, 'Károli Gáspár Református Egyetem Tanítóképző Főiskolai Kara Könyvtára', '2750', 'Hősök tere 5.'),
(560, 'Károly Róbert Főiskola Kar Könyvtára', '3200', 'Mátrai út 36.'),
(561, 'Károlyi Kastély Könyvtár', '8052', 'Petőfi u. 2.'),
(562, 'Károlyi Mihály Két Tanítási Nyelvű Közgazdasági Szakközépiskola Könyvtár', '1139', 'Váci út 89.'),
(563, 'Kartal Nagyközségi Könyvtár', '2173', 'Baross u. 115.'),
(564, 'Kastély Könyvtár', '9317', 'Kossuth u. 2.'),
(565, 'Katasztrófavédelem Központi Múzeuma Könyvtár', '1105', 'Martinovics tér 12.'),
(566, 'Katolikus Pedagógiai Szervezési és Továbbképzési Intézet Könyvtára', '1068', 'Városligeti fasor 42.'),
(567, 'Katona József Művelődési Ház és Könyvtár', '6041', 'Fő u. 45.'),
(568, 'Katona Lajos Városi Könyvtár', '2600', 'Budapesti főút 37.'),
(569, 'Katonai Nemzetbiztonsági Szolgálat Szakkönyvtára', '1111', 'Bartók Béla út 24-26.'),
(570, 'Kecskeméti Református Egyházközség Könyvtára és Levéltára', '6000', 'Szabadság tér 7.'),
(571, 'Kecskeméti Törvényszék Könyvtára', '6000', 'Rákóczi út 7. 122. szoba'),
(572, 'Kék Géza Művelődési Ház és Könyvtár', '2049', 'Sashegyi út 9.'),
(573, 'Kékcsei Községi Könyvtár', '4494', 'Fő út 116.'),
(574, 'Keller Lajos Városi Könyvtár és Kulturális Központ', '6630', 'Szabadság tér 37.'),
(575, 'Kemenesaljai Művelődési Központ és Könyvtár', '9500', 'dr. Géfin Lajos tér 1.'),
(576, 'Kemenesaljai Művelődési Központ és Könyvtár Fiókkönyvtára Alsóság', '9500', 'Sági u. 167.'),
(577, 'Kemenesaljai Művelődési Központ és Könyvtár Fiókkönyvtára Izsákfa', '9500', 'Izsákfa u. 37'),
(578, 'Kengyeli József Attila Művelődési Ház és Könyvtár', '5083', 'Kossuth L. u. 98.'),
(579, 'Képes Géza Városi Könyvtár', '4700', 'Bajcsy-Zs. u. 22.'),
(580, 'Keresztély Gyula Városi Könyvtár', '7140', 'Hősök tere 1.'),
(581, 'Kertész László Városi Könyvtár', '4220', 'Bocskai István tér 2.'),
(582, 'Kertvárosi Fiókkönyvtár', '5000', 'Napsugár u. 59.'),
(583, 'Készenléti Rendőrség Könyvtára', '1101', 'Kerepesi út 47-49.'),
(584, 'Kínálgató. Iskolai és Gyermekkönyvtár', '7030', 'Ifjúság útja 2.'),
(585, 'Kincskereső Gyermekkönyvtár', '7030', 'Dózsa György út 20.'),
(586, 'Kisfaludy Károly Általános Művelődési Központ Városi Könyvtár', '9100', 'Fő u. 80.'),
(587, 'Kisfaludy Sándor Művelődési Központ  Könyvtár és Emlékház', '8330', 'Széchenyi Gy. u. 9-11.'),
(588, 'Kisfaludy Sándor Művelődési Központ  Könyvtár és Emlékház. Városi Könyvtár gyermek részlege', '8330', 'Mártírok útja 3.'),
(589, 'Kiskunfélegyházi Petőfi Sándor Városi Könyvtár', '6100', 'Szent János tér 9.'),
(590, 'Kiskunhalas Város Önkormányzatának Martonosi Pál Városi Könyvtára', '6400', 'Szövetség tér 11.'),
(591, 'Kiskunhalasi Református Egyházközség Thúry József Könyvtára', '6400', 'Kossuth L. u. 14.'),
(592, 'Kislángi Általános Művelődési Központ. Művelődési Ház  Könyvtár', '8156', 'Fő u. 77.'),
(593, 'Kisnémedi Művelődési Ház és Községi Könyvtár', '2165', 'Fő u. 7.'),
(594, 'Kispesti Károlyi Mihály Magyar-Spanyol Tannyelvű Gimnázium Könyvtára', '1191', 'Simonyi Zsigmond u. 33.');
INSERT INTO konyvtarak VALUES
(595, 'Kisteleki Ede Városi Könyvtár', '6760', 'Kossuth tér 2.'),
(596, 'Kisújszállási Művelődési Központ és Könyvtár', '5310', 'Szabadság tér 2/a'),
(597, 'Kisvárda Városi Kórház. Orvosi Könyvtár', '4600', 'Árpád u. 26.'),
(598, 'Kisszállás Község Önkormányzat Művelődési Ház és Könyvtár', '6421', 'Felszabadulás u. 10.'),
(599, 'Kocséri Általános Művelődési Központ. Községi Könyvtár', '2755', 'Kossuth L. u. 16.'),
(600, 'Kodály Zoltán Zenepedagógiai Intézet Könyvtára és Zenepedagógiai Archívuma', '6000', 'Kéttemplom köz 1.'),
(601, 'Kodolányi János Főiskola Budapesti Oktatási Központ Könyvtár', '1139', 'Frangepán u. 50-56.'),
(602, 'Kodolányi János Főiskola Könyvtár és Információs Központ', '8000', 'Sörház tér 1.'),
(603, 'Kodolányi János Főiskola Orosházi Oktatási Központ Könyvtára', '5900', 'Gyopárosi út 4.'),
(604, 'Komló Város Önkormányzat József Attila Városi Könyvtár és Muzeális Gyűjtemény', '7300', 'Városház tér 1.'),
(605, 'Konecsni György Kulturális Központ  Tájház és Városi Könyvtár', '6120', 'Fő u. 62.'),
(606, 'Kós Károly Művelődési Ház és Könyvtár', '2011', 'Szentendrei út 9.'),
(607, 'Kossuth Lajos Közösségi Ház és Könyvtár', '2096', 'Iskola u. 4.'),
(608, 'Kossuth Lajos Művelődési Ház és Könyvtár', '2118', 'Pesti u. 5.'),
(609, 'Kossuth Művelődési Központ és Halász Boldizsár Városi Könyvtár', '2370', 'Ravasz László u. 2.'),
(610, 'Kovács Máté Városi Művelődési Központ és Könyvtár', '4200', 'Szilfákalja u. 2.'),
(611, 'Kozármislenyi Közművelődési Nonprofit Szolgáltató Korlátolt Felelősségű Társaság', '7761', 'Pécsi u. 1.'),
(612, 'Kölcsey Ferenc Általános Művelődési Központ. Közművelődési és Nyilvános Települési Könyvtári Intézményegység', '4965', 'Kölcsey F. u. 104.'),
(613, 'Kölcsey Ferenc Városi Könyvtár', '2112', 'Fő út 53.'),
(614, 'Könnyű László Városi Könyvtár és Helytörténeti Gyűjtemény', '7090', 'Szabadság u. 52.'),
(615, 'Könyvtár', '8253', 'Halász u. 6.'),
(616, 'Könyvtár és Művelődési Ház', '2490', 'Adonyi út 12.'),
(617, 'Könyvtár és Művelődési Ház Tápiószele', '2766', 'Posta út 2.'),
(618, 'Könyvtári  Információs és Közösségi Hely  Aba', '8127', 'Rákóczi utca 4/B.'),
(619, 'Könyvtári  Információs és Közösségi Hely  Baracs', '2427', 'Szabadság tér 8.'),
(620, 'Könyvtári  Információs és Közösségi Hely  Kincsesbánya', '8044', 'Iskola utca 3.'),
(621, 'Könyvtári  Információs és Közösségi Hely Csobánka', '2014', 'Béke u. 4.'),
(622, 'Könyvtári  Információs és Közösségi Hely Gégény', '4517', 'Rákóczi u. 42.'),
(623, 'Könyvtári  Információs és Közösségi Hely Hévízgyörk', '2192', 'Kossuth L. u. 19.'),
(624, 'Könyvtári  Információs és Közösségi Hely Iván', '9374', 'Rákóczi sor 15.'),
(625, 'Könyvtári  Információs és Közösségi Hely Kisoroszi', '2024', 'Hősök tere 1.'),
(626, 'Könyvtári  Információs és Közösségi Hely Kunszállás', '6115', 'Kossuth Lajos utca 5.'),
(627, 'Könyvtári  Információs és Közösségi Hely Mende', '2235', 'Szent István park 1.'),
(628, 'Könyvtári  Információs és Közösségi Hely Mikebuda', '2736', 'Iskola u. 8.'),
(629, 'Könyvtári  Információs és Közösségi Hely Nyíri', '3997', 'Felszabadulás u. 55.'),
(630, 'Könyvtári  Információs és Közösségi Hely Nyírkarász', '4544', 'Fő út 67.'),
(631, 'Könyvtári  Információs és Közösségi Hely Pilisszántó', '2095', 'Kossuth Lajos utca 90.'),
(632, 'Könyvtári  Információs és Közösségi Hely Sóskút', '2038', 'Tulipán u. 9.'),
(633, 'Könyvtári  Információs és Közösségi Hely Szár', '2066', 'Rákóczi F. u. 102.'),
(634, 'Könyvtári  Információs és Közösségi Hely Tinnye', '2086', 'Kossuth L. u. 10.'),
(635, 'Könyvtári  Információs és Közösségi Hely Vasad', '2211', 'Petőfi S. u. 28.'),
(636, 'Könyvtári  Információs és Közösségi Hely Vereb', '2477', 'Vajda J. út 5.'),
(637, 'Könyvtári Információs és Közösségi Hely  Bodajk', '8053', 'Bányász ltp.16.'),
(638, 'Könyvtári Szolgáltató Hely  Helvécia', '6034', 'Petőfi Sándor utca 22.'),
(639, 'Könyvtári Szolgáltató Hely  Miske', '6343', 'Hajósi u. 1.'),
(640, 'Könyvtári Szolgáltató Hely  Öregcsertő', '6311', 'Kossuth utca 125.'),
(641, 'Körmendi Kulturális Központ  Múzeum és Könyvtár', '9900', 'Dr. Batthyány-Strattmann L. u. 4.'),
(642, 'Körös Művelődési Ház és Könyvtár', '5561', 'István király u. 16.'),
(643, 'Körös-vidéki Vízügyi Igazgatóság Műszaki Könyvtára Gyula', '5700', 'Városház u. 26.'),
(644, 'Körösladányi Általános Művelődési Központ', '5516', 'Petőfi tér 2.'),
(645, 'Közép-Európai Egyetem Könyvtára Central European University Library', '1051', 'Nádor u. 9.'),
(646, 'Közigazgatási és Igazságügyi Minisztérium Könyvtár', '1055', 'Kossuth tér 2-4.'),
(647, 'Közművelődési és Iskolai Könyvtár', '8685', 'Fő u. 94.'),
(648, 'Közművelődési és Iskolai Könyvtár Beremend', '7827', 'Kossuth L. u. 2.'),
(649, 'Közművelődési Intézmény és Könyvtár', '8174', 'Táncsics Mihály u. 24.'),
(650, 'Közművelődési Könyvtár', '2765', 'Zrínyi utca 2.'),
(651, 'Közművelődési Könyvtár és Teleház Jászfelsőszentgyörgy', '5111', 'Fő u. 63.'),
(652, 'Közművelődési Központ és Könyvtár Ináncs', '3851', 'Rákóczi u. 7.'),
(653, 'Közművelődési Központ. Pedagógiai Szakkönyvtár és Oktatástörténeti Gyűjtemény', '3752', 'Fő út 18.'),
(654, 'Közösségi Ház és Könyvtár', '3571', 'Görgey A. u. 1.'),
(655, 'Közösségi Ház és Városi Könyvtár', '4138', 'Fő u. 5-9.'),
(656, 'Közösségi Ház és Városi Könyvtár', '2360', 'Kőrösi út 118-120.'),
(657, 'Közösségi-Kulturális Központ és Könyvtár', '2457', 'Rákóczi u. 28.'),
(658, 'KözPont Újbudai Kulturális  Pedagógiai és Média Korlátolt Felelősségű Társaság. Kelenvölgyi Könyvtár', '1116', 'Bazsalikom u. 24.'),
(659, 'Központi Papnevelő Intézet Pálos Könyvtára', '1053', 'Papnövelde u. 7.'),
(660, 'Központi Statisztikai Hivatal Könyvtár', '1024', 'Keleti Károly u. 5.'),
(661, 'Közúti Szakgyűjtemény', '6200', 'Dózsa György út 38.'),
(662, 'Községi és Általános Iskolai Könyvtár', '3356', 'Fő út 2.'),
(663, 'Községi és Általános Iskolai Könyvtár', '3355', 'Petőfi u. 9.'),
(664, 'Községi és Iskolai Könyvtár', '8112', 'Iskola u. 6.'),
(665, 'Községi és Iskolai Könyvtár', '4325', 'Kállói u. 6-8.'),
(666, 'Községi és Iskolai Könyvtár', '3369', 'Kossuth tér 5.'),
(667, 'Községi és Iskolai Könyvtár', '4472', 'Petőfi út 1.'),
(668, 'Községi és Iskolai Könyvtár', '3271', 'Petőfi út 7.'),
(669, 'Községi és Iskolai Könyvtár', '2244', 'Rákóczi u. 35.'),
(670, 'Községi és Iskolai Könyvtár Kerecsend', '3396', 'Bereksori u. 2.'),
(671, 'Községi és Iskolai Könyvtár Őr', '4336', 'Arany J. u. 2.'),
(672, 'Községi Könyvtár', '4211', 'Ady Endre u. 6-8.'),
(673, 'Községi Könyvtár', '8041', 'Ady Endre utca 35.'),
(674, 'Községi Könyvtár', '2167', 'Béke tér 1.'),
(675, 'Községi Könyvtár', '2724', 'Dózsa György u. 1.'),
(676, 'Községi Könyvtár', '2309', 'Dundity A. u. 43.'),
(677, 'Községi Könyvtár', '3915', 'Fő u. 57.'),
(678, 'Községi Könyvtár', '9245', 'Fő u. 82.'),
(679, 'Községi Könyvtár', '7011', 'Fő utca 164.'),
(680, 'Községi Könyvtár', '2024', 'Hősök tere 1.'),
(681, 'Községi Könyvtár', '8713', 'Hunyadi u. 2.'),
(682, 'Községi Könyvtár', '2217', 'Jókai Mór u. 21.'),
(683, 'Községi Könyvtár', '9082', 'Jókai út 21.'),
(684, 'Községi Könyvtár', '4064', 'Kiserdő út 1.'),
(685, 'Községi Könyvtár', '4331', 'Kossuth u. 19.'),
(686, 'Községi Könyvtár', '2175', 'Kossuth u. 30.'),
(687, 'Községi Könyvtár', '2176', 'Kossuth út 51.'),
(688, 'Községi Könyvtár', '4515', 'Kölcsey Ferenc u. 34.'),
(689, 'Községi Könyvtár', '2463', 'Köztársaság út 1.'),
(690, 'Községi Könyvtár', '9081', 'Liszt F. u. 9.'),
(691, 'Községi Könyvtár', '6085', 'Petőfi Sándor u. 12.'),
(692, 'Községi Könyvtár', '2163', 'Petőfi tér 6.'),
(693, 'Községi Könyvtár', '2211', 'Petőfi u. 28.');
INSERT INTO konyvtarak VALUES
(694, 'Községi Könyvtár', '9422', 'Soproni u. 10.'),
(695, 'Községi Könyvtár', '7041', 'Szabadság tér 1.'),
(696, 'Községi Könyvtár', '2163', 'Szabadság út 28.'),
(697, 'Községi Könyvtár', '2181', 'Szabadság út 61.'),
(698, 'Községi Könyvtár', '6065', 'Széchenyi krt. 35.'),
(699, 'Községi Könyvtár', '2214', 'Szilassy u. 3.'),
(700, 'Községi Könyvtár', '8705', 'Táncsics u. 1/a.'),
(701, 'Községi Könyvtár Bánk', '2653', 'Kis u. 1.'),
(702, 'Községi Könyvtár és Közösségi Ház', '2212', 'Kossuth L. u. 43/c'),
(703, 'Községi Könyvtár és Szabadidőközpont', '5244', 'Szabadság tér 5.'),
(704, 'Községi Könyvtár Galgamácsa', '2183', 'Petőfi u. 17.'),
(705, 'Községi Könyvtár Hajdúbagos', '4273', 'Iskola u. 18.'),
(706, 'Községi Könyvtár Kakucs', '2366', 'Fő u. 24.'),
(707, 'Községi Könyvtár Nógrádsáp', '2685', 'Hunyadi út 2.'),
(708, 'Községi Könyvtár Pilisszentiván', '2084', 'Szabadság út 85.'),
(709, 'Községi Könyvtár Seregélyes', '8111', 'Széchenyi u. 1.'),
(710, 'Községi Könyvtár Szirmabesenyő', '3711', 'Kossuth u. 42.'),
(711, 'Községi Könyvtár Tápiószőlős', '2769', 'Kossuth Lajos út 1-3.'),
(712, 'Községi Közkönyvtár Tószeg', '5091', 'Rákóczi út 35.'),
(713, 'Községi Kulturális Központ és Könyvtár', '5471', 'Táncsics M. út 2-4.'),
(714, 'Községi Művelődési Ház  Könyvtár és Iskolai Könyvtár  Teleház', '3377', 'Hunyadi út 138.'),
(715, 'Kresz Géza Mentőmúzeum Könyvtára', '1055', 'Markó u. 22.'),
(716, 'KTI Közlekedéstudományi Intézet Nonprofit Kft. Dokumentációs és Információs Központja', '1119', 'Thán Károly u. 3-5.'),
(717, 'Kubinyi Ferenc Múzeum és Krúdy Gyula Könyvtár', '3170', 'Ady E. út 12.'),
(718, 'Kubinyi Ferenc Múzeum és Krúdy Gyula Könyvtár (Múzeum könyvtára)', '3170', 'Ady Endre u. 7.'),
(719, 'Kulturális és Konferencia Központ  Németi Ferenc Városi Könyvtár', '3910', 'Bajcsy-Zsilinszky u. 7-9.'),
(720, 'Kunhegyes Városi Könyvtár és Közművelődési Intézmény', '5340', 'Ady E. u. 2.'),
(721, 'Kunoss Endre Községi-Iskolai Könyvtár', '8124', 'Szent István tér 21.'),
(722, 'Kunszentmártoni ÁMK József Attila Könyvtár Intézményegysége', '5440', 'Kossuth Lajos u. 40.'),
(723, 'Kuny Domokos Múzeum  Tata. Könyvtár', '2890', 'Öregvár Váralja u. 1-3.'),
(724, 'Kúria Tőry Gusztáv Jogi Szakkönyvtára', '1055', 'Markó u. 16.'),
(725, 'Kurityáni Művelődési Ház és Könyvtár Közhasznú Egyesület', '3732', 'Kossuth L. u. 136.'),
(726, 'Külgazdasági és Külügyminisztérium Bánffy Miklós Szakkönyvtára', '1027', 'Bem rkp. 47.'),
(727, 'Külügyi és Külgazdasági Intézet Könyvtára', '1027', 'Bérc u. 13-15.'),
(728, 'Laczkó Dezső Múzeum Könyvtára', '8200', 'Török Ignác u. 7.'),
(729, 'Lad Községi és Iskolai Könyvtár', '7535', 'Szabadság tér 23.'),
(730, 'Lajosmizse Város Művelődési Háza és Könyvtára', '6050', 'Szabadság tér 12.'),
(731, 'Lajosmizse Város Művelődési Háza és Könyvtára Harmónia Integrált Szociális Intézmény Lajosmizsei Telephely Fiókkönyvtára', '6050', 'Dózsa György út 2.'),
(732, 'Lajosmizse Város Művelődési Háza és Könyvtára Lajosmizsei Fekete István Sportiskolai Általános Iskola Fiókkönyvtára', '6050', 'Szabadság tér 13.'),
(733, 'Lajtha László Művészeti és Kulturális Szolgáltató Közhasznú Non-profit Kft.', '6440', 'Kossuth u. 3.'),
(734, 'Lamberg-kastély Kulturális Központ', '8060', 'Szent István tér 5.'),
(735, 'Lánycsók Községi Könyvtár', '7759', 'Dózsa u. 51.'),
(736, 'Lázár Ervin Városi Könyvtár és Szemere Pál Művelődési Ház', '2119', 'Isaszegi út 3.'),
(737, 'Lechner Tudásközpont Területi  Építészeti és Informatikai Nonprofit Korlátolt Felelősségű Társaság. Építésügyi Dokumentációs és Információs Központ', '1111', 'Budafoki út 59. E/3'),
(738, 'Legfőbb Ügyészség Könyvtára', '1055', 'Markó u. 16.'),
(739, 'Lengyel Menyhért Városi Könyvtár', '4060', 'Dózsa Gy. u. 1.'),
(740, 'Lengyeltóti Városi Művelődési Ház és Könyvtár', '8693', 'Rákóczi út 22.'),
(741, 'Létavértes Városi Könyvtár és Művelődési Ház', '4281', 'Rózsa u. 1.'),
(742, 'Ligetalja Könyvtár Nyíracsád', '4262', 'Kassai u. 4.'),
(743, 'Lipták Gábor Városi Könyvtár', '8230', 'Kossuth Lajos u. 35.'),
(744, 'Liszt Ferenc Zeneművészeti Egyetem Központi Könyvtára', '1061', 'Liszt Ferenc tér 8.'),
(745, 'Lőrinci Városi Könyvtár', '3021', 'Szabadság tér 4/a'),
(746, 'Madách Imre Városi Könyvtár', '2660', 'Rákóczi fejedelem útja 50.'),
(747, 'Madách Imre Városi Könyvtár Letéti Könyvtára (Városi Idősek Otthona)', '2660', 'Markusovszky u. 1.'),
(748, 'Madarász József Városi Könyvtár', '7000', 'Ady Endre u. 105.'),
(749, 'Madarász Károly Művelődési Intézmény és Könyvtár', '5420', 'Petőfi tér 2-4.'),
(750, 'MagHáz Centrum Nonprofit Kft. Szeberényi Lajos Városi Könyvtár', '2234', 'Fő u. 4-6.'),
(751, 'Magos Művelődési Ház és Könyvtár', '2942', 'Kossuth Lajos u. 2.'),
(752, 'Magyar Ayurveda Gyógyászati Alapítvány Khsz. Könyvtára', '1136', 'Tátra u. 24.'),
(753, 'Magyar Bencés Kongregáció Pannonhalmi Főapátság Főapátsági Könyvtár', '9090', 'Vár 1.'),
(754, 'Magyar Bevásárlóközpontok Szövetsége Könyvtár', '1143', 'Utász u. 9.'),
(755, 'Magyar Ferences Könyvtár', '1024', 'Margit körút 23.'),
(756, 'Magyar Földrajzi Társaság Könyvtár', '1112', 'Budaörsi út 45.'),
(757, 'Magyar Földtani és Geofizikai Intézet. Országos Földtani Szakkönyvtár', '1143', 'Stefánia út 14.'),
(758, 'Magyar Földtani és Geofizikai Intézet. Országos Geofizikai Szakkönyvtár', '1145', 'Columbus u. 17-23.'),
(759, 'Magyar Honvédség Egészségügyi Központ Egészségügyi Felkészítő és Továbbképző Intézet Könyvtára', '1183', 'Tünde u. hrsz. 0137664'),
(760, 'Magyar Honvédség Egészségügyi Központ Hévízi Mozgásszervi Rehabilitációs Intézet Könyvtára', '8380', 'Ady Endre u. 31.'),
(761, 'Magyar Honvédség Egészségügyi Központ Hévízi Rehabilitációs Intézet Könyvtára', '8380', 'Kossuth Lajos u. 7/a.'),
(762, 'Magyar Honvédség Egészségügyi Központ Kardiológiai Rehabilitációs Intézet Könyvtára', '8230', 'Szabadság út 5.'),
(763, 'Magyar Honvédség Egészségügyi Központ Repülőorvosi-  Alkalmasságvizsgáló és Gyógyító Intézet Tudományos Fiókkönyvtára  Kecskemét', '6000', 'Balaton u. 17.'),
(764, 'Magyar Honvédség Egészségügyi Központ Védelem-egészségügyi Igazgatóság Védelem-egészségügyi Laboratóriumi Intézet Tudományos Könyvtár', '1134', 'Róbert K. krt. 44.'),
(765, 'Magyar Honvédség vitéz Szurmay Sándor Budapest Helyőrség Dandár Kulturális és Rekreációs Igazgatóság Stefánia Palota - Honvéd Kulturális Központ Könyvtára', '1143', 'Stefánia u. 34-36.'),
(766, 'Magyar Honvédség. A Kecskeméti Repülőkórház Szakkönyvtára', '6000', 'Balaton u. 17.'),
(767, 'Magyar Imre Kórház. Orvosi Könyvtár', '8400', 'Korányi F. u. 1.'),
(768, 'Magyar Irodalom Háza Magyar Irodalmi Múzeum - Kortárs Irodalmi Központ', '1053', 'Károlyi Mihály u. 16.'),
(769, 'Magyar Képzőművészeti Egyetem Könyvtára', '1062', 'Andrássy út 69-71.'),
(770, 'Magyar Kereskedelmi és Vendéglátóipari Múzeum Könyvtár', '1036', 'Korona tér 1.'),
(771, 'Magyar Környezetvédelmi és Vízügyi Múzeum Könyvtára', '2500', 'Kölcsey Ferenc u. 2.'),
(772, 'Magyar Közgazdasági Társaság Klubkönyvtára', '9024', 'Aradi vértanúk u. 12.'),
(773, 'Magyar Mezőgazdasági Múzeum és Könyvtár Agrártörténeti Szakkönyvtára', '1146', 'Városliget Vajdahunyadvár'),
(774, 'Magyar Mezőgazdasági Múzeum és Könyvtár. Mezőgazdasági Könyvtár', '1012', 'Attila út 93.'),
(775, 'Magyar Műszaki és Közlekedési Múzeum Könyvtára', '1146', 'Városligeti krt. 11.'),
(776, 'Magyar Műszaki és Közlekedési Múzeum Központi Könyvtár', '1146', 'Városligeti krt. 11.'),
(777, 'Magyar Műszaki és Közlekedési Múzeum Öntödei Gyűjteménye', '1027', 'Bem József utca 20.'),
(778, 'Magyar Művészeti Akadémia Szakkönyvtára', '1051', 'Vigadó tér 2.'),
(779, 'Magyar Nemzeti Digitális Archívum és Filmintézet Könyvtára', '1021', 'Budakeszi út 51/c.'),
(780, 'Magyar Nemzeti Galéria Könyvtára', '1014', 'Szent György tér 2.'),
(781, 'Magyar Nemzeti Levéltár Bács-Kiskun Megyei Levéltára Szakkönyvtára', '6000', 'Klapka u. 13-15.'),
(782, 'Magyar Nemzeti Levéltár Baranya Megyei Levéltár Könyvtára', '7621', 'Király utca 11.'),
(783, 'Magyar Nemzeti Levéltár Békés Megyei Levéltára Könyvtára', '5700', 'Petőfi tér 2.'),
(784, 'Magyar Nemzeti Levéltár BK Megyei Levéltára Kiskunfélegyházi Részlege Szakkönyvtára', '6100', 'Kossuth Lajos u. 1.'),
(785, 'Magyar Nemzeti Levéltár BK Megyei Levéltára Kiskunhalasi Részlege Szakkönyvtára', '6400', 'Dr. Nagy Mór u. 12-14.'),
(786, 'Magyar Nemzeti Levéltár Fejér Megyei Levéltár Könyvtára', '8000', 'Kikindai u. 3.'),
(787, 'Magyar Nemzeti Levéltár Győr-Moson-Sopron Megye Soproni Levéltára Könyvtára', '9400', 'Fő tér 1.'),
(788, 'Magyar Nemzeti Levéltár Heves Megyei Levéltára Könyvtára', '3300', 'Mátyás király út 62.'),
(789, 'Magyar Nemzeti Levéltár Komárom-Esztergom Megyei Levéltári Szakkönyvtára', '2500', 'Vörösmarty u. 7.'),
(790, 'Magyar Nemzeti Levéltár Nógrád Megyei Levéltára Zárt Forgalmú Tudományos Szakkönyvtára', '3100', 'Bem út 18.'),
(791, 'Magyar Nemzeti Levéltár Országos Levéltára Levéltártudományi Szakkönyvtár', '1014', 'Bécsi kapu tér 4.'),
(792, 'Magyar Nemzeti Levéltár Pest Megyei Levéltár Szakkönyvtára', '1097', 'Vágóhíd u. 7.');
INSERT INTO konyvtarak VALUES
(793, 'Magyar Nemzeti Levéltár Szabolcs-Szatmár-Bereg Megyei Levéltára Szakkönyvtára', '4400', 'Széchenyi u. 4.'),
(794, 'Magyar Nemzeti Levéltár Tolna Megyei Levéltára Könyvtár', '7100', 'Béla tér 1.'),
(795, 'Magyar Nemzeti Levéltár Vas Megyei Levéltára Szakkönyvtára', '9700', 'Hefele Menyhért u. 1.'),
(796, 'Magyar Nemzeti Múzeum Központi Könyvtár', '1088', 'Múzeum krt. 14-16.'),
(797, 'Magyar Numizmatikai Társulat Könyvtára', '1085', 'Csepreghy u. 4. II. em. 15.'),
(798, 'Magyar Reklámszövetség Szakkönyvtára', '1074', 'Dob u. 45.'),
(799, 'Magyar Szabványügyi Testület. Információs Központ', '1091', 'Üllői út 25.'),
(800, 'Magyar Táncművészeti Főiskola Vályi Rózsi Könyvtára', '1145', 'Columbus u. 87-89.'),
(801, 'Magyar Telekom Nyrt. Infotéka Könyvtár', '1013', 'Krisztina krt. 55.'),
(802, 'Magyar Természettudományi Múzeum Központi Könyvtár', '1083', 'Ludovika tér 2–6.'),
(803, 'Magyar Természettudományi Múzeum Mátra Múzeum Könyvtára', '3200', 'Kossuth Lajos u. 40.'),
(804, 'Magyar Tudományos Akadémia Geodéziai és Geofizikai Intézet Könyvtára', '9400', 'Csatkai E. u. 6-8.'),
(805, 'Magyar Tudományos Akadémia Könyvtár és Információs Központ', '1051', 'Arany János u. 1.'),
(806, 'Magyar Tudományos Akadémia Közgazdasági és Regionális Tudományi Kutatóközpont Regionális Kutatások Intézete Dunántúli Tudományos Osztály Könyvtára', '7621', 'Papnövelde u. 22.'),
(807, 'Magyar Tudományos Akadémia Természettudományi Kutatóközpont Tudományos Titkárság és Információs Központ', '1117', 'Magyar tudósok körútja 2.'),
(808, 'Magyar Tudományos Akadémia. A Mezőgazdasági Kutatóintézet Könyvtára', '2462', 'Brunszvik u. 2.'),
(809, 'Magyar Tudományos Akadémia. Az Atommagkutató Intézet Könyvtára', '4026', 'Bem tér 18/C'),
(810, 'Magyar Tudományos Akadémia. Közgazdaságtudományi Kutatóközpont Könyvtára', '1112', 'Budaörsi út 45.'),
(811, 'Magyar Tudományos Akadémia. Ökológiai és Botanikai Kutatóintézet. A Magyar Dunakutató Állomás Könyvtára', '2131', 'Jávorka Sándor u. 14.'),
(812, 'Magyar Tudományos Akadémia. Ökológiai Kutatóközpont. Könyvtár', '8237', 'Klebelsberg Kuno u. 3.'),
(813, 'Magyar Tudományos Akadémia. Szegedi Biológiai Kutatóközpont Könyvtára', '6726', 'Temesvári krt. 62.'),
(814, 'Magyar Tudományos Akadémia. Természettudományi Kutatóközpont Könyvtára', '1117', 'Magyar tudósok körútja 2.'),
(815, 'Magyar Vakok és Gyengénlátók Országos Szövetsége Hangos- és Braille Könyvtár', '1146', 'Hermina út 47.'),
(816, 'Magyar Vegyészeti Múzeum. Az Alapítványi Múzeum Könyvtára', '8100', 'Thury-vár'),
(817, 'Magyar-kút Könyvtár és Közművelődési Intézmény', '2091', 'Alcsúti út 1.'),
(818, 'Magyarországi Német Kulturális és Információs Központ és Könyvtár', '1062', 'Lendvay u. 22.'),
(819, 'Magyarországi Református Egyház Bethesda Gyermekkórház Könyvtár', '1146', 'Bethesda u. 3.'),
(820, 'Magyarországi Ruszinok Könyvtára', '1147', 'Gyarmat u. 85/b.'),
(821, 'Magyarországi Unitárius Egyház Könyvtára', '1055', 'Nagy Ignác u. 2-4. I./19.'),
(822, 'Magyary-Kossa Sámuel Könyvtár', '2711', 'Bartók Béla út 1.'),
(823, 'Makád Község Önkormányzat Nyilvános Könyvtára', '2322', 'Kossuth L. u. 52.'),
(824, 'Mályi Móra Ferenc Közösségi Ház és Könyvtár', '3434', 'Botond u. 3-5.'),
(825, 'Mannheim Károly Szakkönyvtár', '8000', 'Rákóczi utca 25.'),
(826, 'Márai Sándor Közművelődési Intézmény és Városi Könyvtár', '2314', 'Erkel Ferenc u. 2-4.'),
(827, 'Markazi Könyvtár és Közművelődési Intézmény', '3262', 'Mikes Kelemen u. 5-7.'),
(828, 'Mártély Általános Művelődési Központ. Művelődési Ház - Könyvtár', '6636', 'Fő u. 49.'),
(829, 'Martfű Városi Művelődési Központ és Könyvtár', '5435', 'Mártírok út 1.'),
(830, 'Mátraballa Község Önkormányzat Községi Könyvtár és Közösségi Színtér', '3247', 'Fő út 87.'),
(831, 'Mátyás Király Művelődési Ház és Városi Könyvtár', '2025', 'Széchenyi u. 11.'),
(832, 'MÁV Kórház és Rendelőintézet. Orvosi Könyvtár', '5000', 'Verseghy u. 6-8.'),
(833, 'Medgyesegyháza Város Önkormányzat Művelődési Ház és Könyvtár', '5666', 'Kossuth tér 25.'),
(834, 'Médiaszolgáltatás-támogató és Vagyonkezelő Alap Szakkönyvtár', '1088', 'Bródy Sándor u. 5-7.'),
(835, 'Médiaszolgáltatás-támogató és Vagyonkezelő Alap Támogatási Terület Könyvtára', '1052', 'Pollack Mihály tér 10.'),
(836, 'Méliusz Juhász Péter Könyvtár', '4026', 'Bem tér 19.'),
(837, 'Méliusz Juhász Péter Könyvtár Benedek Elek Fiókkönyvtára', '4024', 'Piac utca 68.'),
(838, 'Méliusz Juhász Péter Könyvtár Csapókerti Fiókkönyvtára', '4033', 'Mátyás Király út 29.'),
(839, 'Méliusz Juhász Péter Könyvtár Homokkerti Fiókkönyvtára', '4030', 'Szabó Kálmán u. 33.'),
(840, 'Méliusz Juhász Péter Könyvtár István úti Fiókkönyvtára', '4031', 'István út 11.'),
(841, 'Méliusz Juhász Péter Könyvtár József Attila-telepi Fiókkönyvtára', '4030', 'Monostorpályi út 110.'),
(842, 'Méliusz Juhász Péter Könyvtár Kartács utcai Fiókkönyvtára', '4032', 'Kartács utca 2.'),
(843, 'Méliusz Juhász Péter Könyvtár Libakerti Fiókkönyvtára', '4027', 'Viola u. 23/a.'),
(844, 'Méliusz Juhász Péter Könyvtár Nyugdíjasok Háza Fiókkönyvtára', '4032', 'Thomas Mann u. 45.'),
(845, 'Méliusz Juhász Péter Könyvtár Petőfi Emlékkönyvtára', '4029', 'Víztorony utca 13.'),
(846, 'Méliusz Juhász Péter Könyvtár Tócóskerti Iskolai- és Gyermekkönyvtára', '4031', 'Margit tér 19.'),
(847, 'Méliusz Juhász Péter Könyvtár Újkerti Fiókkönyvtára', '4032', 'Jerikó utca 17-19.'),
(848, 'Mészáros Károly Városi Könyvtár', '4087', 'Böszörményi út 7.'),
(849, 'Mezőcsáti Általános Művelődési Központ. Kiss József Közösségi Ház és Könyvtára', '3450', 'Szent István u. 21.'),
(850, 'Mezőhegyes Város Képviselőtestületének József Attila Általános Művelődési Központ Könyvtára', '5820', 'Béke park 1.'),
(851, 'Mezőkovácsházi Városi Könyvtár', '5800', 'Árpád u. 162.'),
(852, 'Mezőkövesdi KÖZKINCS-TÁR Kulturális  Könyvtári  Turisztikai és Múzeumi Nonprofit Kft. Városi Könyvtára', '3400', 'Madách Imre u. 1.'),
(853, 'Mezőtúri Móricz Zsigmond Városi Könyvtár', '5400', 'Szabadság tér 17.'),
(854, 'MH 12. Arrabona Légvédelmi Rakétaezred Könyvtára', '9027', 'Laktanya u. 1.'),
(855, 'MH 37. II. Rákóczi Ferenc Műszaki Ezred Könyvtár', '6600', 'Csongrádi út 108.'),
(856, 'MH 5. Bocskai István Lövészdandár Könyvtára', '4027', 'Füredi út 59-63.'),
(857, 'MH 5. Bocskai István Lövészdandár Zrínyi Laktanya Könyvtára', '6800', 'Ady Endre u. 45-47.'),
(858, 'MH 64. Boconádi Szabó József Logisztikai Ezred Könyvtára', '7400', 'Füredi u. 146/a.'),
(859, 'MH 86. Szolnok Helikopter Bázis Könyvtár Szandaszőlős', '5008', 'Pf. 5.'),
(860, 'MH Altiszti Akadémia Könyvtára', '2000', 'Dózsa György u. 12-14.'),
(861, 'MH Bakony Harckiképző Központ Könyvtára', '8100', 'Árpád út 1.'),
(862, 'MH Egészségügyi Központ Mozgásszervi Rehabilitációs Intézet Könyvtár', '8380', 'Ady Endre u. 31.'),
(863, 'MH Egészségügyi Központ Tudományos Könyvtár 2. sz. telephely', '1062', 'Podmaniczky u. 111.'),
(864, 'MH Geoinformációs Szolgálat Szakkönyvtár', '1024', 'Szilágyi Erzsébet fasor 7-9.'),
(865, 'MH Honvédkórház Balatonfüredi Kardiológiai Rehabilitációs Intézet Könyvtár', '8230', 'Szabadság u. 5.'),
(866, 'Mihályfi Ernő Művelődési Ház és Könyvtár', '3042', 'Szabadság út 26.'),
(867, 'Mikszáth Kálmán Általános Iskola és Óvoda Tagintézménye: Községi Könyvtár', '3132', 'Petőfi út 100.'),
(868, 'Mikszáth Kálmán Könyvtár és Faluház', '3064', 'Béke út 4-6.'),
(869, 'Mikszáth Kálmán Közművelődési Intézmény Könyvtár és Ifjúsági Ház', '2659', 'Rákóczi u. 120.'),
(870, 'Miskolci Egyetem Könyvtár  Levéltár  Múzeum', '3515', 'Egyetemváros'),
(871, 'Miskolci Egyetem. Comenius Tanítóképző Főiskolai Kar Könyvtára', '3950', 'Eötvös út 7.'),
(872, 'Miskolci Törvényszék Könyvtára', '3525', 'Dózsa György u. 4.'),
(873, 'MNL GYMS Megye Győri Levéltára', '9022', 'Liszt Ferenc utca 13.'),
(874, 'MNL HB Megyei Levéltára', '4024', 'Vármegyeháza u. 1/b.'),
(875, 'MNL JNSZ Megyei Levéltára', '5000', 'Pozsonyi út 40-42.'),
(876, 'MNL PML Nagykőrösi Osztály fiókkönyvtára', '2750', 'Hősök ter 4.'),
(877, 'Mogyoróssy János Városi Könyvtár', '5700', 'Városház u. 13.'),
(878, 'Mogyoróssy János Városi Könyvtár. Gyulavári fiókkönyvtár', '5711', 'Illyés Gyu. u. 4.'),
(879, 'Mogyoróssy János Városi Könyvtár. Törökzugi fiókkönyvtár', '5700', 'Pósteleki u. 30.'),
(880, 'Moholy-Nagy Művészeti Egyetem Könyvtára', '1121', 'Zugligeti út 9-25.'),
(881, 'Monoki Iskolai és Községi Könyvtár', '3905', 'Dózsa György utca 19/a.'),
(882, 'Móra Ferenc Kulturális Központ és Könyvtár', '2730', 'Pesti út 52.'),
(883, 'Móra Ferenc Múzeum Szakkönyvtára', '6720', 'Roosvelt tér 1-3.'),
(884, 'Móra Ferenc Művelődési Ház és Könyvtár', '6786', 'Alkotmány tér 2.'),
(885, 'Móra Ferenc Városi Könyvtár és Múzeum', '9970', 'Széll Kálmán tér 2.'),
(886, 'Móra Ferenc Városi Könyvtár és Múzeum Farkasfai Fiókkönyvtára', '9970', 'Farkasfai u. 9.'),
(887, 'Móra Ferenc Városi Könyvtár és Múzeum Jakabházi Fiókkönyvtára', '9970', 'Fő u. 18.'),
(888, 'Móra Ferenc Városi Könyvtár és Múzeum Rábafüzesi Fiókkönyvtára', '9970', 'Kodály Zoltán út 2.'),
(889, 'Móra Ferenc Városi Könyvtár és Múzeum Rábatótfalusi Fiókkönyvtára', '9970', 'Tótfalusi u. 92.'),
(890, 'Mórahalom Város Önkormányzat Tóth Menyhért Városi Könyvtár és Közösségi Ház', '6782', 'Röszkei út 2.'),
(891, 'Móricz Pál Városi Könyvtár és Helytörténeti Gyűjtemény', '4080', 'Bocskai u. 12-14.');
INSERT INTO konyvtarak VALUES
(892, 'Móricz Zsigmond Megyei és Városi Könyvtár', '4400', 'Szabadság tér 2.'),
(893, 'Móricz Zsigmond Művelődési és Városi Könyvtár', '4254', 'Árpád út 2.'),
(894, 'Móricz Zsigmond Művelődési Ház és Könyvtár', '5051', 'Fekete L. út 1.'),
(895, 'Móricz Zsigmond Művelődési Ház és Városi Könyvtár. Aradványpusztai Fiókkönyvtár', '4253', '0'),
(896, 'Móricz Zsigmond Városi Könyvtár', '2890', 'Váralja u. 4.'),
(897, 'Móricz Zsigmond Városi Könyvtár. Agostyáni Fiókkönyvtára', '2890', 'Kossuth u. 31.'),
(898, 'Móricz Zsigmond Városi Könyvtár. Kertvárosi Fiókkönyvtár', '2890', 'Fenyő tér 1.'),
(899, 'MTA Agrártudományi Kutatóintézet Növényvédelmi Intézet Könyvtár', '1022', 'Herman Ottó u. 15.'),
(900, 'MTA Agrártudományi Kutatóközpont Állatorvos-tudományi Intézete Könyvtára', '1143', 'Hungária krt. 21.'),
(901, 'MTA Agrártudományi Kutatóközpont Talajtani és Agrokémiai Kutató Intézet Könyvtára', '1022', 'Herman Ottó u. 15.'),
(902, 'MTA Bölcsészettudományi Kutatóközpont Filozófiai Kutatóintézet Könyvtára', '1014', 'Országház u. 30.'),
(903, 'MTA Bölcsészettudományi Kutatóközpont Irodalomtudományi Intézet Eötvös Könyvtár', '1014', 'Országház u. 30.'),
(904, 'MTA Bölcsészettudományi Kutatóközpont Művészettörténeti Intézet Könyvtár', '1014', 'Országház u. 30.'),
(905, 'MTA Bölcsészettudományi Kutatóközpont Néprajztudományi Intézet Könyvtára', '1014', 'Országház u. 30.'),
(906, 'MTA Bölcsészettudományi Kutatóközpont Régészeti Intézet Könyvtára', '1014', 'Országház u. 30.'),
(907, 'MTA Bölcsészettudományi Kutatóközpont Történettudományi Intézet Könyvtára', '1014', 'Országház u. 30.'),
(908, 'MTA Bölcsészettudományi Kutatóközpont Zenetudományi Intézet Könyvtára', '1014', 'Országház u. 30.'),
(909, 'MTA Csillagászati és Földtudományi Kutatóközpont Földrajztudományi Intézet Könyvtára', '1112', 'Budaörsi út 45.'),
(910, 'MTA Csillagászati és Földtudományi Kutatóközpont Konkoly Thege Miklós Csillagászati Intézet Könyvtár', '1121', 'Konkoly Thege Miklós út 15-17'),
(911, 'MTA Csillagászati és Földtudományi Kutatóközpont Konkoly Thege Miklós Csillagászati Intézet Napfizikai Obszervatórium Könyvtár', '4032', 'Egyetem tér 1.'),
(912, 'MTA Kísérleti Orvostudományi Kutatóintézet Könyvtár', '1083', 'Szigony u. 43.'),
(913, 'MTA Közgazdaság- és Regionális Tudományi Kutatóközpont Regionális Kutatások Intézete Alföldi Tudományos Osztály Könyvtára Kecskemét', '6000', 'Rákóczi út 3.'),
(914, 'MTA Nyelvtudományi Intézet Könyvtára', '1068', 'Benczúr u. 33.'),
(915, 'MTA Regionális Kutatások Központja Nyugat-magyarországi Tudományos Intézetének Határ Menti Területfejlesztési Szakkönyvtára', '9022', 'Liszt F. u. 10.'),
(916, 'MTA Rényi Alfréd Matematikai Kutatóintézet Könyvtára', '1053', 'Reáltanoda u. 13-15.'),
(917, 'MTA Társadalomtudományi Kutatóközpont Könyvtára', '1014', 'Országház u. 30.'),
(918, 'MTA Wigner Fizikai Kutatóközpont Könyvtár', '1121', 'Konkoly Thege M. u. 29-33.'),
(919, 'Munkácsy Mihály Múzeum Könyvtára', '5600', 'Gyulai út 1.'),
(920, 'Művelődási Ház  Községi és Iskolai Könyvtár', '3791', 'Rákóczi u. 107.'),
(921, 'Művelődési és Sportház', '2735', 'Dózsa György u. 85.'),
(922, 'Művelődési Ház  Iskolai és Községi Könyvtár', '2071', 'Rákóczi u. 37.'),
(923, 'Művelődési Ház  Községi és Iskolai Könyvtár', '8649', 'Kossuth tér 1.'),
(924, 'Művelődési Ház és Könyvtár', '2421', 'Fő u. 16.'),
(925, 'Művelődési Ház és Könyvtár', '2461', 'Fő u. 43.'),
(926, 'Művelődési Ház és Könyvtár Közművelődési Intézmény', '4564', 'Ady E. út 9.'),
(927, 'Művelődési Ház és Könyvtár Őrbottyán', '2162', 'Rákóczi út 43.'),
(928, 'Művelődési Ház és Könyvtár Vámospércs', '4287', 'Debreceni u. 2.'),
(929, 'Művelődési Ház és Könyvtár Vonyarcvashegy', '8314', 'Fő u. 64.'),
(930, 'Művelődési Ház és Községi és Iskolai Könyvtár', '4356', 'Hunyadi J. u. 23.'),
(931, 'Művelődési Ház és Községi-Iskolai Könyvtár', '9721', 'Szentegyház u. 5.'),
(932, 'Művelődési Ház és Városi Könyvtár', '4326', 'Báthory út 25.'),
(933, 'Művelődési Ház és Városi Könyvtár', '9941', 'Városszer 55.'),
(934, 'Művelődési Információs Központ és Könyvtár', '2081', 'Templom tér 9.'),
(935, 'Művelődési Központ  Könyvtár és Konyha Szentlőrinc', '7940', 'Kodolányi u. 13.'),
(936, 'Művelődési Központ és Könyvtár Balatonfűzfő', '8184', 'Bugyogó-forrás u. 12.'),
(937, 'Művészetek Háza – Kulturális Központ és Városi Könyvtár  Pilisvörösvár', '2085', 'Fő u. 82.'),
(938, 'Nádasdy-vár Művelődési Központ és Könyvtár', '9600', 'Várkerület 1.'),
(939, 'Nádasdy-vár Művelődési Központ és Könyvtár Rábasömjén úti Fiókkönyvtára', '9608', 'Rábasömjéni u. 86.'),
(940, 'Nagy Dezső Művelődési Ház és Könyvtár Cigánd', '3973', 'Fő u. 38.'),
(941, 'Nagy Gáspár Városi Könyvtár', '2092', 'Fő u. 108.'),
(942, 'Nagy László Városi Könyvtár és Szabadidő Központ', '8400', 'Szabadság tér 13.'),
(943, 'Nagy László Városi Könyvtár és Szabadidő Központ. Ajkarendeki Fiókkönyvtár', '8447', 'Nyíres u. 26.'),
(944, 'Nagy László Városi Könyvtár és Szabadidőközpont', '8400', 'Dobó Katica u. 16.'),
(945, 'Nagy László Városi Könyvtár és Szabadidőközpont. Padragi Művelődési Ház és Fiókkönyvtár', '8451', 'Iparos u. 5.'),
(946, 'Nagy Miklós Városi Könyvtár és Sárréti Közérdekű Muzeális Gyűjtemény', '5520', 'Nagy Miklós u. 2.'),
(947, 'Nagyatád Város Önkormányzat Városi Könyvtár Bodvia Fiókkönyvtár', '7500', 'Rákóczi u. 41.'),
(948, 'Nagyatád Város Önkormányzata Nagyatádi Kulturális és Sport Központ. Városi Könyvtár', '7500', 'Széchenyi tér 13-14.'),
(949, 'Nagybajomi Kulturális Igazgatás Intézménye. Gyergyai Albert Városi és Iskolai Könyvtár', '7561', 'Kossuth u. 14.'),
(950, 'Nagyiván ÁMK Közművelődési Könyvtár', '5363', 'Fő út 68.'),
(951, 'Nagykőrösi Arany János Kulturális Központ. Szabó Károly Városi Könyvtár', '2750', 'Széchenyi tér 6.'),
(952, 'Nagyközségi és Iskolai Könyvtár', '2381', 'Iskola u. 7.'),
(953, 'Nagyközségi József Attila Művelődési Ház és Könyvtár', '5055', 'Kossuth L. u. 78.'),
(954, 'Nagyközségi Könyvtár', '2251', 'Bajcsy-Zsilinszky út 1.'),
(955, 'Nagymágocsi Petőfi Sándor Művelődési Ház és Könyvtár', '6622', 'Szentesi út 40.'),
(956, 'Nagymányoki Közművelődési Központ. Nagymányoki Városi Könyvtár - Teleház', '7355', 'Táncsics u. 2/a'),
(957, 'Nagymaros Városi Könyvtár és Művelődési Ház', '2626', 'Váci út 11.'),
(958, 'Nagyszénási Önkormányzati Óvoda és Könyvtár', '5931', 'Szabadság u. 25.'),
(959, 'NAIK Halászati Kutatóintézet Könyvtára', '5540', 'Anna-liget 8.'),
(960, 'Németh László Községi Könyvtár', '7017', 'Németh László u. 14.'),
(961, 'Németh László Városi Könyvtár és Pósa Lajos Gyermekkönyvtár', '6800', 'Andrássy út 44.'),
(962, 'Nemzetgazdasági Minisztérium Szakkönyvtára', '1051', 'József nádor tér 2-4.'),
(963, 'Nemzeti Agrárkutatási és Innovációs Központ Agrár-környezettudományi és Élelmiszer-tudományi Kutatóintézet Könyvtára', '1022', 'Hermann Ottó út 15.'),
(964, 'Nemzeti Élelmiszerlánc-biztonsági Hivatal Állat-egészségügyi Diagnosztikai Igazgatóság Könyvtára', '7400', 'Cseri u. 18.'),
(965, 'Nemzeti Élelmiszerlánc-biztonsági Hivatal Állategészségügyi Diagnosztikai Igazgatóság Könyvtára Budapest', '1143', 'Tábornok u. 2.'),
(966, 'Nemzeti Élelmiszerlánc-biztonsági Hivatal Állategészségügyi Diagnosztikai Igazgatóság Könyvtára Debrecen', '4031', 'Bornemissza u. 3-7.'),
(967, 'Nemzeti Élelmiszerlánc-biztonsági Hivatal Könyvtára', '1024', 'Kis Rókus u. 15/A.'),
(968, 'Nemzeti Közszolgálati Egyetem Egyetemi Központi Könyvtár', '1101', 'Hungária krt. 9-11.'),
(969, 'Nemzeti Közszolgálati Egyetem Egyetemi Központi Könyvtár és Levéltár', '1101', 'Hungária krt. 9-11.'),
(970, 'Nemzeti Közszolgálati Egyetem Hadtudományi és Honvédtisztképző Kar Katonai Repülő Tanszék Könyvtár', '5008', 'Kilián út 1.'),
(971, 'Nemzeti Média- és Hírközlési Hatóság Szakkönyvtár', '1015', 'Ostrom u. 23-25.'),
(972, 'Nemzeti Művelődési Intézet Szakkönyvtára', '1011', 'Corvin tér 8.'),
(973, 'Nemzeti Szakértői és Kutató Központ Könyvtára', '1087', 'Mosonyi u. 9.'),
(974, 'Nemzeti Színház Nonprofit Zrt. Könyvtár', '1095', 'Bajor Gizi park 1.'),
(975, 'Nemzetközi Üzleti Főiskola Könyvtára', '1031', 'Záhony u. 7.'),
(976, 'Nemzetközi Üzleti Főiskola Villányi Úti Képzési Hely Köynvtár', '1114', 'Villányi út 11-13.'),
(977, 'Néprajzi Múzeum Könyvtára', '1055', 'Kossuth Lajos tér 12.'),
(978, 'Nonprofit Információs és Oktató Központ Alapítvány Nonprofit Szakkönyvtára', '1122', 'Maros u. 23-25. 23. Mfszt 1. 1122'),
(979, 'Növényi Diverzitás Központ Könyvtára', '2766', 'Külsőmező 15.'),
(980, 'NYÍR-TEL-SZOL Nonprofit Kft. Nyírteleki Közösségi Ház és Városi Könyvtár', '4461', 'Petőfi Sándor u. 42.'),
(981, 'Nyírbélteki Községi Könyvtár', '4372', 'Kossuth u. 1-3.'),
(982, 'Nyírderzs Község Könyvtára', '4332', 'Bátori út 15.'),
(983, 'Nyíregyházi Főiskola Központi Könyvtára', '4400', 'Sóstói út 31/b'),
(984, 'Nyíregyházi Törvényszék Könyvtára', '4400', 'Bocskai u.2.'),
(985, 'Nyírgyulaj Községi  Iskolai Könyvtár és Teleház', '4311', 'Bajcsy-Zs. u. 3.'),
(986, 'Nyírség Könyvtár Alapítvány', '4400', 'Ungvár sétány 5.'),
(987, 'Nyomdaipari Központi Szakkönyvtár', '1084', 'Tolnai Lajos u. 4-10.'),
(988, 'Nyugat-magyarországi Egyetem Benedek Elek Pedagógiai Kar Könyvtára', '9400', 'Ferenczi János u. 5.'),
(989, 'Nyugat-magyarországi Egyetem Központi Könyvtár és Levéltár', '9400', 'Bajcsy-Zs. u. 4.'),
(990, 'Nyugat-magyarországi Egyetem Savaria Egyetemi Központ Könyvtára', '9700', 'Károlyi Gáspár tér 4.');
INSERT INTO konyvtarak VALUES
(991, 'Nyugat-magyarországi Egyetem. Geoinformatikai Kar Könyvtára', '8000', 'Pirosalma u. 1-3.'),
(992, 'Nyugat-Magyarországi Egyetem. Mezőgazdaságtudományi Kar Könyvtára', '9200', 'Vár 2.'),
(993, 'Óballa Közösségi Ház. A Városi Könyvtár Fiókkönyvtára', '5200', 'Fő út 5.'),
(994, 'Óbudai Egyetem Egyetemi Könyvtár', '1084', 'Doberdó út 6. D/fszt 1.'),
(995, 'Óbudai Múzeum Könyvtára', '1033', 'Fő tér 1.'),
(996, 'Óbudai Platán Könyvtár', '1031', 'Arató Emil tér 1.'),
(997, 'Óbudai Platán Könyvtár Ezüsthegyi Könyvtára', '1038', 'Ezüsthegy utca 16.'),
(998, 'Oktatási Hivatal Szolnoki Pedagógiai Oktatási Központ', '5000', 'Mária út 19.'),
(999, 'Oktatási Minisztérium Szakszervezete Könyvtár', '1055', 'Szalay u. 10-14.'),
(1000, 'Oktatáskutató és Fejlesztő Intézet. Országos Pedagógiai Könyvtár és Múzeum', '1089', 'Könyves Kálmán krt. 40.'),
(1001, 'Orlai Petrics Soma Kulturális Központ. Könyvtár', '5650', 'Fő út 6.'),
(1002, 'Orosháza Városi Önkormányzat Justh Zsigmond Városi Könyvtára', '5900', 'Kossuth u. 3.'),
(1003, 'Országos Bírósági Hivatal Magyar Igazságügyi Akadémia Könyvtára', '1122', 'Tóth Lőrinc u. 6.'),
(1004, 'Országos Élelmezés- és Táplálkozástudományi Intézet Szakkönyvtár', '1097', 'Gyáli u. 3/a.'),
(1005, 'Országos Epidemiológiai Központ Könyvtár', '1097', 'Albert Flórián út 2-6.'),
(1006, 'Országos Frédéric Joliot-Curie Sugárbiológiai és Sugáregészségügyi Intézet Könyvtára', '1221', 'Anna u. 5.'),
(1007, 'Országos Idegennyelvű Könyvtár', '1056', 'Molnár u. 11.'),
(1008, 'Országos Korányi Tbc és Pulmonológiai Intézet Orvosi Könyvtára', '1121', 'Pihenő út 1.'),
(1009, 'Országos Közegészségügyi Központ Országos Sugárbiológiai és Sugáregészségügyi Kutató Igazgatóság Könyvtára', '1221', 'Anna u. 5.'),
(1010, 'Országos Kriminológiai és Kriminalisztikai Intézet Könyvtára', '1122', 'Maros u. 6/a.'),
(1011, 'Országos Onkológiai Intézet Orvosi Könyvtára', '1122', 'Ráth Gy. u. 7-9.'),
(1012, 'Országos Orvosi Rehabilitációs Intézet Orvosi Könyvtára', '1122', 'Szanatórium u. 19.'),
(1013, 'Országos Rabbiképző-Zsidó Egyetem Könyvtára', '1085', 'Scheiber Sándor u. 2.'),
(1014, 'Országos Reumatológiai és Fizioterápiás Intézet Orvosi Szakkönyvtára', '1023', 'Frankel Leó út 25-29.'),
(1015, 'Országos Roma Könyvtár  Levél- és Dokumentumtár', '1074', 'Dohány u. 76.'),
(1016, 'Országos Széchényi Könyvtár', '1014', 'Szent György tér 4-5-6.'),
(1017, 'Országos Széchényi Könyvtár. Könyvtári Intézet. Könyvtártudományi Szakkönyvtár', '1014', 'Szent György tér 4-5-6.'),
(1018, 'Országos Színháztörténeti Múzeum és Intézet Könyvtára', '1013', 'Krisztina krt. 57.'),
(1019, 'Országos Takarékpénztár Bank Szakkönyvtár', '1051', 'Nádor u. 16.'),
(1020, 'Országgyűlési Könyvtár', '1055', 'Kossuth Lajos tér 1-3.'),
(1021, 'Ózdi Művelődési Intézmények. Városi Könyvtár', '3600', 'Petőfi tér 1.'),
(1022, 'Ózdi Művelődési Intézmények. Városi Könyvtár Árpád Vezér úti Fiókkönyvtár', '3600', 'Árpád Vezér út 22/A.'),
(1023, 'Öcsödi Községgondnokság és Könyvtár', '5451', 'Kossuth tér 1.'),
(1024, 'Önkormányzati Nagyközségi Könyvtár', '9222', 'Árpád u. 15.'),
(1025, 'Őrbottyán Művelődési Ház és Könyvtár Fiókkönyvtár', '2162', 'Rákóczi u. 245.'),
(1026, 'Öregiskola Közösségi Ház és Könyvtár', '2094', 'Kossuth L. u. 78.'),
(1027, 'Örkény István Városi Könyvtár', '2377', 'Ady Endre u. 1.'),
(1028, 'Paksi Közművelődési Nonprofit Kft. Könyvtára. Dunakömlődi Fiókkönyvtár', '7027', 'Béke u. 3.'),
(1029, 'Paksi Közművelődési Nonprofit Korlátolt Felelősségű Társaság Könyvtára', '7030', 'Gagarin u. 2.'),
(1030, 'Paksi Pákolitz István Városi Könyvtár', '7030', 'Villany u. 1.'),
(1031, 'Pallasz Athéné Egyetem Könyvtár és Információs Központ', '6000', 'Izsáki út 10.'),
(1032, 'Pannon Egyetem Egyetemi Könyvtár és Levéltár', '8200', 'Wartha V. u. 1.'),
(1033, 'Pannon Egyetem Georgikon Kar Georgikon Könyvtár és Levéltár', '8360', 'Deák F. u. 16.'),
(1034, 'Pannon Egyetem Nagykanizsai Telephely Könyvtára', '8800', 'Zrínyi Miklós út 33.'),
(1035, 'Pannon Egyetem Neveléstudományi Intézet Könyvtára', '8500', 'Mézeskalács u. 2/b.'),
(1036, 'Pannónia Kulturális Központ és Könyvtár', '8220', 'Városháza tér 4.'),
(1037, 'Pápakovácsi Községi Könyvtár', '8596', 'Fő u. 20.'),
(1038, 'Papkeszi Könyvtár Colorchemia', '8183', 'Colorchemia ltp. 101.'),
(1039, 'Papkeszi Községi Könyvtár', '8183', 'Fő u. 21'),
(1040, 'Parádfürdői Állami Kórház Orvosi és Betegkönyvtár', '3244', 'Kossuth Lajos út 221.'),
(1041, 'Pataji Községi Könyvtár', '6328', 'Petőfi Sándor u. 3.'),
(1042, 'Patapoklosi Községi  Információs és Közösségi Szolgáltató Hely', '7923', 'Rákóczi u. 50.'),
(1043, 'Pázmány Péter Katolikus Egyetem Bölcsészet- és Társadalomtudományi Kar Könyvtára', '2087', 'Egyetem u. 1.'),
(1044, 'Pázmány Péter Katolikus Egyetem Jog- és Államtudományi Kar Könyvtára', '1088', 'Szentkirályi u. 28-30.'),
(1045, 'Pázmány Péter Katolikus Egyetem. Hittudományi Kar Könyvtára', '1053', 'Vere Pálné u. 24.'),
(1046, 'Pécsi Ítélőtábla Könyvtára', '7623', 'Rákóczi u. 34.'),
(1047, 'Pécsi József Fotográfiai Szakkönyvtár', '1065', 'Nagymező utca 20.'),
(1048, 'Pécsi Püspöki Hittudományi Főiskola Könyvtára', '7621', 'Papnövelde u. 1-3.'),
(1049, 'Pécsi Törvényszék Könyvtára', '7623', 'Rákóczi út 34.'),
(1050, 'Pécsi Tudományegyetem Egyetemi Könyvtár és Tudásközpont', '7622', 'Universitas u. 2/A.'),
(1051, 'Pécsi Tudományegyetem Egyetemi Könyvtár és Tudásközpont Kultúratudományi  Pedagógusképző és Vidékfejlesztési Kar Könyvtára', '7100', 'Rákóczi u. 1.'),
(1052, 'Pécsi Tudományegyetem EK TK ETK Zalaegerszegi Képzési Központ Könyvtára', '8900', 'Landorhegyi u. 33.'),
(1053, 'Pécsi Tudományegyetem. Egészségtudományi Kar Kaposvári Képzési Központ Könyvtára', '7400', 'Szent Imre u. 14/b'),
(1054, 'Perkátai ÁMK József Attila Nagyközségi Könyvtár és Művelődési Ház', '2431', 'Dózsa György u. 15.'),
(1055, 'Pest Megyei Flór Ferenc Kórház Orvosi Könyvtára', '2143', 'Semmelweis tér 1.'),
(1056, 'Pest Megyei Könyvtár', '2000', 'Pátriárka u. 7.'),
(1057, 'Pest Megyei Könyvtár Püspökmajori Klubkönyvtár', '2000', 'Hamvas Béla u. 6.'),
(1058, 'Pesterzsébeti Pedagógiai Intézet Pedagógiai Szakkönyvtára', '1204', 'Ady Endre u. 98.'),
(1059, 'Péterfy Sándor Utcai Kórház-Rendelő és Baleseti Központ Baleseti Könyvtára', '1081', 'Fiumei út 17.'),
(1060, 'Péterfy Sándor Utcai Kórház-Rendelő és Baleseti Központ Orvosi Szakkönyvtár', '1074', 'Alsó erdősor u. 7.'),
(1061, 'Pétfürdői Közösségi Ház és Könyvtár', '8105', 'Hősök tere 5.'),
(1062, 'Petőfi Művelődési Ház és Könyvtár', '2746', 'Fő u. 57.'),
(1063, 'Petőfi Művelődési Ház és Könyvtár', '8182', 'Orgona u. 2.'),
(1064, 'Petőfi Művelődési Központ és Könyvtár', '2340', 'Kinizsi Pál u. 1.'),
(1065, 'Petőfi Sándor Általános Művelődési Központ  Cserkeszőlő. Könyvtár és Közművelődés', '5465', 'Ady Endre u. 1/a'),
(1066, 'Petőfi Sándor Könyvtári Közművelődési és Intézményfenntartó Központ. Művelődési Központ és Könyvtár', '4765', 'Ady E. u. 7-11.'),
(1067, 'Petőfi Sándor Közösségi Ház és Könyvtár', '3351', 'Kastély u. 8.'),
(1068, 'Petőfi Sándor Községi és Iskolai Könyvtár', '8648', 'Ady Endre u. 1.'),
(1069, 'Petőfi Sándor Kulturális Szabadidő Központ és Könyvtár', '2931', 'Petőfi tér 6.'),
(1070, 'Petőfi Sándor Művelődési Ház és Könyvtár', '5661', 'Arany J. u. 47.'),
(1071, 'Petőfi Sándor Művelődési Ház és Könyvtár', '2335', 'Fő út 89.'),
(1072, 'Petőfi Sándor Művelődési Ház és Könyvtár Jászfényszaru', '5126', 'Szent István út 1.'),
(1073, 'Petőfi Sándor Művelődési Ház és Könyvtár Mándok', '4644', 'Petőfi u. 14/a.'),
(1074, 'Petőfi Sándor Művelődési Ház és Községi Könyvtár', '6758', 'Dózsa György u. 1.'),
(1075, 'Petőfi Sándor Művelődési Ház Közművelődési Könyvtár', '1103', 'Gyömrői út 24.'),
(1076, 'Petőfi Sándor Művelődési- Sportház és Könyvtár', '9735', 'Széchenyi tér 31.'),
(1077, 'Petőfi Sándor Oktatási és Művelődési Központ - Nagyközségi Könyvtár', '2344', 'Béke tér 2.'),
(1078, 'Petőfi Sándor Városi Könyvtár', '6200', 'Petőfi tér 4/b'),
(1079, 'Petőfi Sándor Városi Könyvtár  Közművelődési és Muzeális Intézmény', '4251', 'Szabadság tér 7.'),
(1080, 'Petritelepi Fiókkönyvtár', '4150', 'Karcagi u. 28.'),
(1081, 'Petz Aladár Megyei Oktató Kórház Orvosi Könyvtár', '9024', 'Szent Imre út 26-28.'),
(1082, 'Piarista Rend Magyar Tartománya Központi Könyvtára', '1052', 'Piarista köz 1.'),
(1083, 'Pocsaji Lorántffy Zsuzsanna Általános Iskola', '4125', 'Nagy u. 41.'),
(1084, 'Politikatörténeti Intézet Könyvtára', '1054', 'Alkotmány u. 2.'),
(1085, 'Pomázi Művelődési Ház és Könyvtár', '2013', 'Huszár u. 3.'),
(1086, 'Poroszló Község Önkormányzatának Közművelődési és Iskolai Könyvtára', '3388', 'Fő út 3.'),
(1087, 'Porrogszentkirály Községi Könyvtár', '8858', 'Fő u. 180.'),
(1088, 'Porrogszentpál Községi Könyvtár', '8858', 'Fő u. 26.'),
(1089, 'Postamúzeum Könyvtára', '1068', 'Benczúr u. 27.');
INSERT INTO konyvtarak VALUES
(1090, 'PPKE Információs Technológiai és Bionikai Kar Könyvtára', '1083', 'Práter utca 50/A.'),
(1091, 'Putnoki Humán Szolgáltató Központ. Városi Könyvtár', '3630', 'Bem József tér 6.'),
(1092, 'Pünkösdi Teológiai Főiskola Könyvtár', '1183', 'Gyömrői út 89.'),
(1093, 'Püspökladányi Tájékoztató és Közművelődési Központ  Könyvtár és Múzeum', '4150', 'Bajcsy-Zsilinszky u. 2/2.'),
(1094, 'Rábaközi Művelődési Központ  Városi Könyvtár és Muzeális Kiállítóhely', '9330', 'Fő tér 2.'),
(1095, 'Rácalmási Művelődési Ház és Könyvtár', '2459', 'Szigetfő u. 31.'),
(1096, 'Rakamazi Városi Művelődési Központ és Könyvtár', '4465', 'Szent István út 174.'),
(1097, 'Ráth Mátyás Evangélikus Gyűjtemény Könyvtára', '9025', 'Petőfi tér 2.'),
(1098, 'Ratkó József Városi Könyvtár', '4320', 'Korányi F. út. 1.'),
(1099, 'Regnum Marianum Plébánia Könyvtára', '1141', 'Zoborhegy tér 18.'),
(1100, 'Reibel Mihály Városi Művelődési Központ és Könyvtár', '5742', 'Ady Endre u. 2.'),
(1101, 'Reichel József Művelődési Ház és Könyvtár', '2097', 'Fő út 16.'),
(1102, 'Rendőrmúzeum könyvtár', '1077', 'Király u. 71.'),
(1103, 'Répcelaki Művelődési Otthon és Könyvtár', '9653', 'Radó Kálmán tér 2.'),
(1104, 'Rezi könyvtári szolgáltatóhely', '8373', 'Iskola u. 2.'),
(1105, 'Richter Gedeon Nyrt. Műszaki Könyvtár', '1103', 'Gyömrői u. 19-21.'),
(1106, 'Rigó József Általános Művelődési Központ Könyvtára és Művelődési Háza', '6114', 'Béke u. 15.'),
(1107, 'Rippl-Rónai Múzeum Szakkönyvtára', '7400', 'Fő utca 12.'),
(1108, 'Róder Imre Városi Könyvtár', '2220', 'Telepi u. 43.'),
(1109, 'Római Katolikus Egyházi Gyűjtemény Könyvtára Sárospatak', '3950', 'Szent Erzsébet út 13.'),
(1110, 'Rómer Flóris Múzeumi Könyvtár', '9022', 'Széchenyi tér 5.'),
(1111, 'Romhány Község Önkormányzata Integrált Közművelődési Könyvtára', '2654', 'Kossuth u. 68.'),
(1112, 'Saári Közösségi Ház és Könyvtár', '3261', 'Iskola utca 11.'),
(1113, 'Sajószentpéteri Kuturális és Sportközpont  Városi Könyvtár', '3770', 'Bem J. u. 15.'),
(1114, 'Sajószögedi Általános Művelődési Központ-Család és Gyermekjóléti Szolgálat. Művelődési Ház és Könyvtár', '3599', 'Ady Endre út 2.'),
(1115, 'Sajtoskál Községi Könyvtár', '9632', 'Petőfi Sándor u. 21.'),
(1116, 'Salla Művelődési Központ és Könyvtár', '8999', 'Szabadság tér 2.'),
(1117, 'Sándorfalvi Kulturális Központ. Petőfi Emlékkönyvtár', '6762', 'Dózsa Gy. u. 2.'),
(1118, 'Sapientia Szerzetesi Hittudományi Főiskola Könyvtára', '1053', 'Piarista köz 1.'),
(1119, 'Sarkad Város Önkormányzata Bartók Béla Művelődési Központ és Könyvtár', '5720', 'Vasút u. 1.'),
(1120, 'Sárospataki Református Kollégium Tudományos Gyűjteményei Nagykönyvtára', '3950', 'Rákóczi u. 1.'),
(1121, 'Sásdi Általános Művelődési Központ Városi Könyvtára és Művelődési Központja', '7370', 'Szent Imre út 29.'),
(1122, 'Sátoraljaújhelyi Városi Könyvtár', '3980', 'Dózsa György út 8.'),
(1123, 'Savaria Megyei Hatókörű Városi Múzeum Könyvtára', '9700', 'Kisfaludy Sándor u. 9.'),
(1124, 'Sebestyén György Osztrák Könyvtár', '1088', 'Pollack Mihály tér 3.'),
(1125, 'Segesd-Tarany Általános Iskola  Óvoda  Könyvtár és Pedagógiai Szakszolgálat', '7514', 'Zrínyi Miklós u. 8.'),
(1126, 'Sellye Városi Művelődési Ház  Könyvtár és Muzeális Intézmény', '7960', 'Köztársaság tér 6.'),
(1127, 'Semmelweis Egyetem Anatómiai Intézet Könyvtár', '1094', 'Tűzoltó u. 58.'),
(1128, 'Semmelweis Egyetem Biofizikai és Sugárbiológiai Intézet Szakkönyvtára', '1094', 'Tűzoltó u. 37-47.'),
(1129, 'Semmelweis Egyetem Bőr- Nemikórtani Bőronkológiai Klinika Könyvtára', '1085', 'Mária u. 41.'),
(1130, 'Semmelweis Egyetem Egészségtudományi Kar Könyvtár', '1088', 'Vas u. 17.'),
(1131, 'Semmelweis Egyetem Egészségügyi Menedzserképző Központ Könyvtár', '1125', 'Kútvölgyi út 2.'),
(1132, 'Semmelweis Egyetem Egyetemi Gyógyszertár Gyógyszerügyi Szervezési Intézet Szakkönyvtár', '1092', 'Hőgyes Endre u. 7-9.'),
(1133, 'Semmelweis Egyetem Élettani Intézet Könyvtár', '1094', 'Tűzoltó u. 37-47.'),
(1134, 'Semmelweis Egyetem Farmakognóziai Intézet Könyvtár', '1085', 'Üllői út 26.'),
(1135, 'Semmelweis Egyetem Fogorvostudományi Kar Oktatási Centrum Könyvtár', '1088', 'Szentkirályi u. 47.'),
(1136, 'Semmelweis Egyetem Fül- Orr- Gégészeti Fej- Nyaksebészeti Klinika Könyvtár', '1083', 'Szigony u. 36.'),
(1137, 'Semmelweis Egyetem Gyógyszerészeti Intézet Könyvtár', '1092', 'Hőgyes Endre u. 7.'),
(1138, 'Semmelweis Egyetem Gyógyszerészi Kémiai Intézet Könyvtár', '1092', 'Hőgyes Endre u. 9.'),
(1139, 'Semmelweis Egyetem Humánmorfológiai és Fejlődésbiológiai Intézet Könyvtár', '1094', 'Tűzoltó u. 58.'),
(1140, 'Semmelweis Egyetem I. sz. Belgyógyászati Klinika Könyvtár', '1083', 'Korányi Sándor u. 2/a.'),
(1141, 'Semmelweis Egyetem I. Sz. Gyermekgyógyászati Klinika Könyvtár', '1083', 'Bókay János u. 53.'),
(1142, 'Semmelweis Egyetem I. sz. Patológiai és Kísérleti Rákkutató Intézet Szakkönyvtár', '1085', 'Üllői út 26.'),
(1143, 'Semmelweis Egyetem I. sz. Sebészeti Klinika Szakkönyvtár', '1082', 'Üllői u. 78.'),
(1144, 'Semmelweis Egyetem I. sz. Szülészeti és Nőgyógyászati Klinika Könyvtár', '1088', 'Baross u. 27.'),
(1145, 'Semmelweis Egyetem Igazságügyi és Biztosítás-orvostani Intézet Orvosi Könyvtár', '1091', 'Üllői út 93.'),
(1146, 'Semmelweis Egyetem II. sz. Gyermekgyógyászati Klinika Orvosi Könyvtár', '1094', 'Tűzoltó u. 7-9.'),
(1147, 'Semmelweis Egyetem II. sz. Patológiai Intézet Orvosi Könyvtár', '1091', 'Üllői út 93.'),
(1148, 'Semmelweis Egyetem Központi Könyvtára', '1088', 'Mikszáth K. tér 5.'),
(1149, 'Semmelweis Egyetem Magatartástudományi Intézet Harkai Schiller Pál Könyvtár', '1089', 'Nagyvárad tér 4.'),
(1150, 'Semmelweis Egyetem Neurológiai Klinika Könyvtár', '1083', 'Balassa u. 6.'),
(1151, 'Semmelweis Egyetem Nyelvi Kommunikációs Igazgatóság Könyvtár', '1094', 'Ferenc tér 15.'),
(1152, 'Semmelweis Egyetem Ortopédiai Klinika Könyvtár', '1113', 'Karolina út 27.'),
(1153, 'Semmelweis Egyetem Orvosi Biokémiai Intézet Könyvtár', '1094', 'Tűzoltó u. 37-47.'),
(1154, 'Semmelweis Egyetem Orvosi Vegytani Molekuláris Biológiai és Patobiokémiai Intézet Könyvtár', '1094', 'Tűzoltó u. 37-47.'),
(1155, 'Semmelweis Egyetem Pszichiátriai Klinika Könyvtár', '1083', 'Balassa u. 6.'),
(1156, 'Semmelweis Egyetem Pulmonológiai Klinika Könyvtár', '1125', 'Diósárok u. 1/c.'),
(1157, 'Semmelweis Egyetem Radiológiai és Onkoterápiás Klinika Orvosi Könyvtár', '1082', 'Üllői út 78/a.'),
(1158, 'Semmelweis Egyetem Szemészeti Klinika Schulek Vilmos Szemészeti Könyvtár', '1088', 'Mária u. 39.'),
(1159, 'Semmelweis Egyetem Szerves Vegytani Intézet Szakkönyvtár', '1092', 'Hőgyes E. u. 5-7.'),
(1160, 'Semmelweis Egyetem Urológiai Klinika és Uroonkológiai Centrum Könyvtár', '1082', 'Üllői út 78/b.'),
(1161, 'Semmelweis Orvostörténeti Múzeum  Könyvtár és Levéltár', '1023', 'Török u. 12.'),
(1162, 'Semmelweis Orvostudományi Egyetem. Oktató Kórház. Orvosi Könyvtár', '1125', 'Kútvölgyi u. 4.'),
(1163, 'Semsey Andor Múzeum Könyvtára', '4060', 'Debreceni u. 1.'),
(1164, 'Siklósi Térségi Könyvtár és Ismeretközpont', '7800', 'Köztársaság tér 8.'),
(1165, 'Simontornyai Városi Könyvtár', '7081', 'Petőfi Sándor u. 67.'),
(1166, 'Sinka István Községi Könyvtár', '2141', 'Tompa Mihály u. 1.'),
(1167, 'Sinka István Művelődési Központ és Városi Könyvtár', '5530', 'Kossuth u. 49-51.'),
(1168, 'Siófok Város Kórház-Rendelőintézete. Orvosi Szakkönyvtár', '8600', 'Semmelweis u. 1.'),
(1169, 'Skarica Máté Városi Könyvtár', '2300', 'Eötvös u. 1.'),
(1170, 'Sola Scriptura Teológiai Főiskola Könyvtára', '2051', 'Patak u. 34/a.'),
(1171, 'Solymár Imre Városi Könyvtár', '7150', 'Perczel Mór u. 50.'),
(1172, 'Solymár Nagyközség Apáczai Csere János Művelődési Ház és Könyvtár', '2083', 'Templom tér 25.'),
(1173, 'Somogy Megyei Kaposi Mór Oktató Kórház dr. Arató Miklós Orvosi Könyvtár', '7400', 'Tallián Gy. u. 20-32.'),
(1174, 'Somogyi Károly Városi és Megyei Könyvtár', '6720', 'Dóm tér 1-4.'),
(1175, 'Somogyi Károly Városi és Megyei Könyvtár Agóra Fiókkönyvtár', '6722', 'Kálvária sgt. 23.'),
(1176, 'Somogyi Károly Városi és Megyei Könyvtár Csillag Téri Fiókkönyvtár', '6723', 'Kereszttöltés u. 29.'),
(1177, 'Somogyi Károly Városi és Megyei Könyvtár Dorozsmai Fiókkönyvtár', '6791', 'Negyvennyolcas u. 12.'),
(1178, 'Somogyi Károly Városi és Megyei Könyvtár Északvárosi Fiókkönyvtár', '6723', 'Gáspár Zoltán u. 6.'),
(1179, 'Somogyi Károly Városi és Megyei Könyvtár Hangoskönyvtár', '6720', 'Stefánia 2.'),
(1180, 'Somogyi Károly Városi és Megyei Könyvtár Klebelsberg-telepi Fiókkönyvtár', '6729', 'Zentai u. 31.'),
(1181, 'Somogyi Károly Városi és Megyei Könyvtár Móra utcai Fiókkönyvtár', '6725', 'Móra u. 21.'),
(1182, 'Somogyi Károly Városi és Megyei Könyvtár Odesszai Fiókkönyvtár', '6726', 'Székely sor 11.'),
(1183, 'Somogyi Károly Városi és Megyei Könyvtár Petőfi-telepi Fiókkönyvtár', '6727', 'Szántó Kovács János u. 28.'),
(1184, 'Somogyi Károly Városi és Megyei Könyvtár Rókusi Fiókkönyvtár', '6724', 'Vértói út 5.'),
(1185, 'Somogyi Károly Városi és Megyei Könyvtár Szőregi Fiókkönyvtár', '6771', 'Magyar u. 14.'),
(1186, 'Somogyi Károly Városi és Megyei könyvtár Tápai Fiókkönyvtár', '6753', 'Budai Nagy Antal u. 20-22.'),
(1187, 'Somogysámsoni Bernáth Aurél Általános Művelődési Központ', '8733', 'Fő u. 118.'),
(1188, 'Somogyzsitfa Könyvtári  Információs és Közösségi Hely', '8734', 'Mártírok u. 46.');
INSERT INTO konyvtarak VALUES
(1189, 'Soproni Evangélikus Egyházközség Könyvtára', '9400', 'Színház utca 27.'),
(1190, 'Surjány  Iskola. A Városi Könyvtár Fiókkönyvtára', '5200', 'Kőrisfa u. 10.'),
(1191, 'Sükösd-Érsekcsanád Általános Művelődési Központ Községi és Iskolai Könyvtár', '6347', 'Dózsa György utca 52.'),
(1192, 'Szabadbattyáni Általános Művelődési Központ. Móricz Zsigmond Művelődési Ház és Könyvtár', '8151', 'Árpád u. 10.'),
(1193, 'Szabadidőközpont és Könyvtár Fertőszentmiklós', '9444', 'Szent István u. 20-21.'),
(1194, 'Szabadkígyós Község Önkormányzatának Általános Művelődési Központja. Integrált Közösségi és Szolgáltató Tér', '5712', 'Kossuth tér 1.'),
(1195, 'Szabadszállási Általános Művelődési Központ. Városi Könyvtár', '6080', 'Kossuth Lajos u. 2.'),
(1196, 'Szabó Magda Nagyközségi Könyvtár és Teleház', '2254', 'Rákóczi u. 54.'),
(1197, 'Szabó Magda Városi és Iskolai Könyvtár', '2144', 'Szabadság út 242.'),
(1198, 'Szabolcs-Szatmár-Bereg Megyei Kórházak és Egyetemi Oktatókórház dr. Kállay Rudolf Orvostudományi Szakkönyvtár és Közművelődési Gyűjtemény', '4400', 'Szent István u. 68.'),
(1199, 'Szabolcs-Szatmár-Bereg Megyei Kórházak és Egyetemi Oktatókórház Orvosi Könyvtára', '4700', 'Kórház u. 2-4.'),
(1200, 'Szajoli Közösségi Ház és Könyvtár', '5081', 'Kölcsey Ferenc út 2.'),
(1201, 'Szandaszőlősi Fiókkönyvtár', '5008', 'Simon Ferenc u. 32.'),
(1202, 'Szántó Vezekényi István Művelődés Háza és Könyvtár', '3250', 'Kossuth Lajos út 39.'),
(1203, 'Százhalombatta MOL Nyrt. Műszaki Könyvtár', '2443', 'Olajmunkás u. 2.'),
(1204, 'Széchenyi István Egyetem Apáczai Csere János Kar Könyvtára', '9022', 'Liszt Ferenc u. 42.'),
(1205, 'Széchenyi István Egyetem. Egyetemi Könyvtár', '9026', 'Egyetem tér 1.'),
(1206, 'Széchenyi István Városi Könyvtár', '9400', 'Pócsi u. 25.'),
(1207, 'Széchenyi István Városi Könyvtár. Bánfalvi Fiókkönyvtár', '9400', 'Bánfalvi út 180.'),
(1208, 'Széchenyi Zsigmond Kárpát-medencei Magyar Vadászati Múzeum  Integrált Könyvtár és Muzeális Gyűjtemény', '3000', 'Kossuth tér 12.'),
(1209, 'Szegedi Ítélőtábla Könyvtára', '6721', 'Sóhordó u. 5.'),
(1210, 'Szegedi Törvényszék Könyvtára', '6720', 'Széchenyi tér 4.'),
(1211, 'Szegedi Tudományegyetem Klebelsberg Kuno Könyvtára', '6720', 'Dugonics tér 13.'),
(1212, 'Székely Bertalan Művelődési Ház és Könyvtár', '2111', 'Dózsa Gy. út 63.'),
(1213, 'Székesfehérvár MJV Levéltára', '8000', 'Zichy liget 10.'),
(1214, 'Székesfehérvári Püspöki Könyvtár', '8000', 'Városház tér 5.'),
(1215, 'Székesfehérvári Törvényszék Könyvtára', '8000', 'Dózsa György u. 1.'),
(1216, 'Szekszárdi Törvényszék Jogi Szakkönyvtára', '7100', 'Dózsa György u. 2.'),
(1217, 'Szellemi Tulajdon Nemzeti Hivatala. Frecskay János Szakkönyvtár', '1054', 'Akadémia u. 21.'),
(1218, 'Szendrői Közművelődési Központ és Könyvtár', '3752', 'Fő út 18.'),
(1219, 'Szent Atanáz Görög Katolikus Hittudományi Főiskola Könyvtár', '4400', 'Bethlen Gábor u. 13-19.'),
(1220, 'Szent Bernát Alapítvány Könyvtár', '1224', 'Dózsa György út 98.'),
(1221, 'Szent Imre Egyetemi Oktatókórház Könyvtár', '1115', 'Tétényi út 12-16.'),
(1222, 'Szent István Egyetem Gazdasági  Agrár- és Egészségtudományi Kar Békéscsabai Könyvtára', '5600', 'Bajza u. 33.'),
(1223, 'Szent István Király Múzeum Könyvtára', '8000', 'Országzászló tér 3.'),
(1224, 'Szent János Kórház és Észak-Budai Egyesített Kórházak 1. sz. Telephely Szent János Kórház Orvosi Könyvtára', '1125', 'Diósárok u. 1.'),
(1225, 'Szent János Kórház és Észak-budai Egyesített Kórházak 2. sz. Telephely Szent Margit Kórház Orvosi Könyvtára', '1032', 'Bécsi 132.'),
(1226, 'Szent Kozma és Damján Rehabilitációs Szakkórház Könyvtár', '2026', 'Gizella-telep'),
(1227, 'Szent Lázár Megyei Kórház Orvosi Könyvtára', '3100', 'Füleki út 54-56.'),
(1228, 'Szent Pál Akadémia Könyvtár', '1103', 'Gyömrői út 69.'),
(1229, 'Szent Rókus Kórház és Intézményei Orvosi Könyvtár', '1085', 'Gyulai Pál u. 2.'),
(1230, 'Szent-Györgyi Albert Általános Iskola és Gimnázium Könyvtára', '1093', 'Lónyay u.4/c-8.'),
(1231, 'Szentes Városi Könyvtár Nonprofit Közhasznú Kft.', '6600', 'Kossuth u. 33-35.'),
(1232, 'Szépművészeti Múzeum Könyvtára', '1068', 'Szondi u. 77.'),
(1233, 'Szerb Országos Önkormányzat Könyvtára', '1055', 'Falk Miksa u. 3.'),
(1234, 'Szerb Ortodox Egyházmegyei Könyvtár', '2000', 'Pátriárka u. 5.'),
(1235, 'Szerencsi Hivatásos Tűzoltóság Fiókkönyvtár', '3900', 'Rákóczi út 119-121.'),
(1236, 'Szerencsi Idősek Otthona Fiókkönyvtár', '3900', 'Bekecsi út 10.'),
(1237, 'Szerencsi Művelődési Központ és Könyvtár', '3900', 'Rákóczi-vár'),
(1238, 'SZIE Egyetemi Könyvtár. Alkalmazott Bölcsészeti és Pedagógiai Kar Jászberényi Könyvtára', '5100', 'Rákóczi út 53.'),
(1239, 'SZIE Egyetemi Könyvtár. Gazdasági  Agrár- és Egészségtudományi Kar Gyulai Könyvtára', '5700', 'Szent István u. 17-19.'),
(1240, 'SZIE Egyetemi Könyvtár. Kosáry Domokos Könyvtár és Levéltár', '2100', 'Páter Károly u. 1.'),
(1241, 'SZIE Egyetemi Könyvtár. Tessedik Sámuel Könyvtár', '5540', 'Szabadság u. 1-3.'),
(1242, 'SZIE Egyetemi Könyvtár. Ybl Miklós Építéstudományi Kar Könyvtára', '1146', 'Thököly út 74.'),
(1243, 'SZIE Entz Ferenc Könyvtár és Levéltár', '1118', 'Szüret utca 2-18.'),
(1244, 'Szigetbecse-Makád Közös Igazgatású Közoktatási Intézményi Fenntartó Társulás Óvodája és Általános Iskolája Könyvtár', '2321', 'Makádi út 44-46.'),
(1245, 'Szigetvár Város Önkormányzata Városi Könyvtár', '7900', 'Mártírok útja 1.'),
(1246, 'Szikszói Városi Intézményműködtető Központ és Könyvtár', '3800', 'Kassai út 46.'),
(1247, 'Színház- és Filmművészeti Egyetem Könyvtára', '1088', 'Vas u. 2/c'),
(1248, 'Szlovák Dokumentációs Központ', '1114', 'Fadrusz u. 11/A.'),
(1249, 'Szlovák Nemzetiségi Általános Iskola és Könyvtár', '2095', 'Petőfi Sándor u. 37.'),
(1250, 'Szolnoki Törvényszék Könyvtára', '5000', 'Kossuth Lajos út 1.'),
(1251, 'Szombathelyi Egyházmegyei Könyvtár', '9700', 'Szily János u. 1.'),
(1252, 'Szombathelyi Képtár', '9700', 'Rákóczi Ferenc u. 12.'),
(1253, 'Szombathelyi Siker Könyvtár Alapítvány', '9700', 'Ady Endre tér 40.'),
(1254, 'SZOSZSZC Oladi Szakképző Iskola Iskolai Könyvtára', '9700', 'Simon István u. 2-6.'),
(1255, 'Szőlőskislaki Fiókkönyvtár', '8630', '0'),
(1256, 'SZTE Állam- és Jogtudományi Kar KRE Kecskeméti Közös Jogászképzés', '6000', 'Kálvin tér 1.'),
(1257, 'SZTE Egészségtudományi és Szociális Képzési Kar Könyvtára', '6726', 'Temesvári krt. 31.'),
(1258, 'Tahitótfalui Pollack Mihály Általános Iskola  Könyvtár és Zeneiskola - Alapfokú Művészeti Iskola', '2021', 'Béke út 14.'),
(1259, 'Tahy Olga Városi Könyvtár', '3441', 'Összekötő út 28.'),
(1260, 'Takáts Gyula Megyei és Városi Könyvtár', '7400', 'Csokonai u. 4.'),
(1261, 'Takáts Gyula Megyei és Városi Könyvtár. Petőfi Sándor Emlékkönyvtár', '7400', 'Honvéd u. 1.'),
(1262, 'Tallinn Fiókkönyvtár', '5000', 'dr. Balogh Béla u. 14.'),
(1263, 'Tárkányi Béla Könyvtár és Művelődési Ház', '4069', 'Hunyadi J. út 48/f'),
(1264, 'Tarnai Nándor Városi Könyvtár és Kulturális Intézmény', '7342', 'Szabadság u. 7.'),
(1265, 'Tarnaörsi Óvoda,Közművelődési Intézmény és Községi Könyvtár', '3294', 'Erzsébet út 7.'),
(1266, 'Tát Város Önkormányzat Kultúrház és Könyvtár', '2534', 'Móricz Zs. u. 2/c'),
(1267, 'Tatabánya Megyei Jogú Város József Attila Megyei és Városi Könyvtár', '2800', 'Fő tér 2.'),
(1268, 'Tatabánya Megyei Jogú Város Levéltára', '2800', 'Szent István u. 21.'),
(1269, 'Tatabányai Törvényszék Könyvtára', '2800', 'Komáromi út 4.'),
(1270, 'Tatárszentgyörgyi Általános Művelődési Központ  Művelődési Ház és Könyvtár', '2375', 'Rákóczi u. 19.'),
(1271, 'TÁVSZAK Magyar Távközlési Dolgozók Szakszervezete Közművelődési Könyvtár 2.', '1117', 'Fehérvári út 68-70.'),
(1272, 'Teleki László Városi Könyvtár és Művelődési Központ', '3060', 'Nagymező u. 3.'),
(1273, 'Természetvédelmi Hivatal Könyvtára', '1121', 'Költő u. 21'),
(1274, 'Tessedik Sámuel Múzeum és Szárazmalom  Városi Könyvtár', '5540', 'Vajda Péter u. 26.'),
(1275, 'Testnevelési Egyetem Könyvtára', '1123', 'Alkotás u. 44.'),
(1276, 'Teva Debrecen Kulturális és Sport Alapítvány Könyvtár', '4032', 'Pallagi u. 13.'),
(1277, 'Teva Gyógyszergyár Zrt.  Műszaki Könyvtár', '2100', 'Táncsics Mihály út 82.'),
(1278, 'Thúry György Múzeum Könyvtára', '8800', 'Zrínyi u. 62.'),
(1279, 'THURY-VÁR Kulturális és Szolgáltató Közhasznú Nonprofit Kft. Krúdy Gyula Városi Könyvtár', '8100', 'Szent István u. 28.'),
(1280, 'Tiszaalpári Pejtsik Béla Nagyközségi és Iskolai Könyvtár', '6066', 'Alkotmány u. 14.'),
(1281, 'Tiszadadai Holló László Általános Iskola', '4455', 'Kossuth tér 3.'),
(1282, 'Tiszaluc Nagyközség Önkormányzat Nagyközségi Könyvtára', '3565', 'Széchenyi u. 2.'),
(1283, 'Tiszántúli Református Egyházkerületi Nagykönyvtár és Teológiai Szakkönyvtár', '4026', 'Kálvin tér 16.'),
(1284, 'Tiszasasi Művelődési Ház és Könyvtár', '5474', 'Rákóczi u. 20.'),
(1285, 'Tolna Megyei Illyés Gyula Könyvtár', '7100', 'Széchenyi u. 51.'),
(1286, 'Tolna Megyei Illyés Gyula Könyvtár Fiókkönyvtára', '7100', 'Dienes Valéria u. 14.'),
(1287, 'Tomory Lajos Pedagógiai és Helytörténeti Gyűjtemény Könyvtár', '1181', 'Kondor Béla sétány 10.');
INSERT INTO konyvtarak VALUES
(1288, 'Tornyai János Múzeum és Közművelődési Központ Könyvtára', '6800', 'Dr. Rapcsák András út 16-18.'),
(1289, 'Tótkomlósi Általános Művelődési Központ. Városi Könyvtár', '5940', 'Erzsébet u. 2/a'),
(1290, 'Tököl Város Önkormányzatának Városi Művelődési Központja és Könyvtára', '2316', 'Kossuth L. u. 66.'),
(1291, 'Törekvés Művelődési Központ Könyvtár', '1101', 'Könyves Kálmán krt. 25.'),
(1292, 'Tragor Ignác Múzeum', '2600', 'Zrínyi utca 41/a'),
(1293, 'Türr István Múzeum', '6500', 'Deák Ferenc u. 1.'),
(1294, 'Újbudai Pedagógiai Intézet Könyvtára', '1117', 'Erőmű u. 4.'),
(1295, 'Ujváry Ferenc Művelődési Ház és Könyvtár', '3016', 'Kossuth L. út 40.'),
(1296, 'Uzsoki utcai Kórház Orvosi Könyvtára', '1146', 'Hungária krt. 167-169.'),
(1297, 'Vachott Sándor Városi Könyvtár. Fiókkönyvtár', '3200', 'Platán u. 2/2'),
(1298, 'Váci Egyházmegyei Könyvtár', '2600', 'Migazzi K. tér 2.'),
(1299, 'Vakok Batthyány László Római Katolikus Óvoda Általános Iskola Könyvtára', '1125', 'Mátyás király út 29.'),
(1300, 'Várday István Városi Könyvtár', '4600', 'Flórián tér 19.'),
(1301, 'Varga Domokos Általános Művelődési Központ. Tinódi Lantos Sebestyén Könyvtár és Művelődési Ház', '6090', 'Damjanich u. 7.'),
(1302, 'Vargha Gyula Városi Könyvtár', '2225', 'Vasadi u. 1.'),
(1303, 'Városföldi Klubkönyvtár', '6033', 'Felszabadulás útja 6/a'),
(1304, 'Városi és Iskolai Közművelődési Könyvtár', '4501', 'Móricz Zs. u. 47.'),
(1305, 'Városi Kórház Keszthely Könyvtára', '8360', 'Ady Endre u. 2.'),
(1306, 'Városi Könyvtár', '3895', 'Kossuth L. u. 68.'),
(1307, 'Városi Könyvtár', '8154', 'Kossuth Lajos u. 128.'),
(1308, 'Városi Könyvtár', '7720', 'Pécsi u. 2.'),
(1309, 'Városi Könyvtár', '9090', 'Petőfi út 25/a'),
(1310, 'Városi Könyvtár', '5331', 'Szent István út 35.'),
(1311, 'Városi Könyvtár', '2230', 'Táncsics M. út 43.'),
(1312, 'Városi Könyvtár', '2481', 'Tópart u. 52.'),
(1313, 'Városi Könyvtár és Információs Központ', '5350', 'Petőfi u. 15.'),
(1314, 'Városi Könyvtár és Közművelődési Intézmény', '4243', 'Kossuth u. 66.'),
(1315, 'Városi Könyvtár és Közösségi Ház', '2310', 'Tököli u. 19.'),
(1316, 'Városi Könyvtár és Művelődési Ház', '4450', 'Kossuth u. 40.'),
(1317, 'Városi Könyvtár és Művelődési Ház', '6237', 'Szabadság tér 17.'),
(1318, 'Városi Könyvtár és Művelődési Központ', '2760', 'Dózsa Gy. út 15/a'),
(1319, 'Városi Könyvtár és Művelődési Központ', '5130', 'dr. Szlovencsák Imre út 2.'),
(1320, 'Városi Könyvtár és Művelődési-Felnőttképzési Központ', '8790', 'Batthyány u. 9.'),
(1321, 'Városi Könyvtár Jászárokszállás', '5123', 'Köztársaság tér 1.'),
(1322, 'Városi Könyvtár Lenti', '8960', 'Templom tér 5.'),
(1323, 'Városi Könyvtár Lenti Kápolnai úti Fiókkönyvtára', '8960', 'Kápolnai u. 41.'),
(1324, 'Városi Könyvtár Lenti Mihályfai úti Fiókkönyvtára', '8960', 'Mihályfai u. 43.'),
(1325, 'Városi Könyvtár Lenti Szombathelyi úti Fiókkönyvtára', '8960', 'Szombathelyi u. 68.'),
(1326, 'Városi Könyvtár Nyírbátor', '4300', 'Szabadság tér 24.'),
(1327, 'Városi Könyvtár Tab', '8660', 'Ady Endre u. 5.'),
(1328, 'Városi Könyvtár Tiszaföldvár', '5430', 'Kossuth L. út 115.'),
(1329, 'Városi Művelődési  Sportközpont és Könyvtár', '2143', 'Szabadság út 48.'),
(1330, 'Városi Művelődési Ház  Könyvtár és Szabadidő Központ', '6230', 'Kossuth u. 10.'),
(1331, 'Városi Művelődési Ház és Könyvtár', '5052', 'Damjanich u. 2.'),
(1332, 'Városi Művelődési Ház és Könyvtár', '4110', 'Kölcsey u. 7.'),
(1333, 'Városi Művelődési Központ és Könyvtár', '2651', 'Rákóczi út 26.'),
(1334, 'Varsány Közösségi Ház és Könyvtár', '5085', 'Rákóczi Ferenc út 21.'),
(1335, 'Vas Gereben Művelődési Ház és Könyvtár', '8130', 'Kossuth L. u. 45.'),
(1336, 'Vas Gereben Művelődési Ház és Könyvtár. Kabókai Fiókkönyvtár', '8130', 'Juhász Gyula u. 33.'),
(1337, 'Vasas Központi Könyvtár Alapítvány', '1086', 'Magdolna u. 5-7.'),
(1338, 'Vasasért Egyesület', '7691', 'Bencze J. u. 6.'),
(1339, 'Vasutasok Országos Közművelődési és Szabadidő Egyesülete Vasutas Művelődési Ház és Könyvtár', '5600', 'Andrássy u. 79-81.'),
(1340, 'Vécsey Károly Művelődési Ház és Könyvtár', '6320', 'Posta u. 20.'),
(1341, 'Vépi Művelődési Ház és Könyvtár', '9751', 'Kolozsvári u. 3/a'),
(1342, 'Verőce Község Önkormányzat Művelődési Ház és Könyvtár', '2621', 'Árpád út 21.'),
(1343, 'Verseghy Ferenc Könyvtár és Közművelődési Intézmény', '5000', 'Kossuth tér 2.'),
(1344, 'Veszprémi Érseki Hittudományi Főiskola Könyvtára', '8200', 'Jutasi út 18/2'),
(1345, 'Veszprémi Érseki Könyvtár', '8200', 'Vár u. 16.'),
(1346, 'Veszprémi Törvényszék Könyvtára', '8200', 'Vár u. 19.'),
(1347, 'Vidékfejlesztési Minisztérium Mezőgazdasági Gépesítési Intézet Szakkönyvtár', '2100', 'Tessedik Sámuel u. 4.'),
(1348, 'Vikár Béla Művelődési Ház  Könyvtár és Helytörténeti Kiállítás', '6087', 'Fő u. 28.'),
(1349, 'Vitéz Sághy Antal Városi Könyvtár', '2541', 'Tulipán u. 57.'),
(1350, 'VOKE Vasutas Művelődési Ház és Könyvtár', '4400', 'Toldi u. 23.'),
(1351, 'VOKE Vörösmarty Mihály Művelődési Ház Könyvtára', '8000', 'Kaszap I. u. 6.'),
(1352, 'Volf György Könyvtár és Helytörténeti Gyűjtemény', '2045', 'Munkácsy M. u. 83.'),
(1353, 'Vörösmarty Mihály Könyvtár', '8000', 'Bartók Béla tér 1.'),
(1354, 'Vörösmarty Mihály Városi Könyvtár és Közművelődési Intézmény', '6430', 'Hősök tere 10.'),
(1355, 'Wass Albert Könyvtár és Múzeum', '8300', 'Batsányi J. u. 1.'),
(1356, 'Wass Albert Községi Könyvtár', '3275', 'Árpád út 1/a'),
(1357, 'Wass Albert Művelődési Központ és Könyvtár', '2241', 'Szent István tér 7.'),
(1358, 'Wass Albert Művelődési Központ és Városi Könyvtár', '2870', 'Városház tér 1.'),
(1359, 'Wekerle Sándor Üzleti Főiskola Könyvtár', '1083', 'Jázmin u. 10.'),
(1360, 'Wekerlei Kultúrház és Könyvtár. Wekerlei Könyvtár', '1192', 'Kós Károly tér 9.'),
(1361, 'Wesley János Lelkészképző Főiskola Könyvtára', '1086', 'Dankó u. 11.'),
(1362, 'Wesniczky Antal Művelődési Ház és Könyvtár Besenyszög', '5071', 'Dózsa Gy. u. 2.'),
(1363, 'Wosinsky Mór Megyei Múzeum Könyvtár', '7100', 'Szent István tér 26.'),
(1364, 'XIII. Tankerület Prizma Egységes Gyógypedagógiai Módszertani Intézmény Pedagógiai Szolgáltatás Könyvtára', '1134', 'Váci út 54.'),
(1365, 'Zajti Ferenc Helytörténeti Gyűjtemény  Művelődési Központ és Könyvtár', '4244', 'Egészségház u. 2.'),
(1366, 'Zákányszéki Művelődési Ház és Könyvtár', '6787', 'Dózsa György u. 45.'),
(1367, 'Zala Megyei Kórház. Egészségügyi Szakkönyvtár', '8900', 'Zrínyi M. út 1.'),
(1368, 'Zalaegerszegi Törvényszék dr. Degré Alajos Jogi Szakkönyvtár', '8900', 'Várkör 2.'),
(1369, 'Zalakarosi Közösségi Ház és Könyvtár', '8749', 'Liget u. 28.'),
(1370, 'Zamárdi Tourinform Iroda  Közösségi Ház és Városi Könyvtár', '8621', 'Fő u. 115.'),
(1371, 'Zirci Apátság Újkönyvtára', '8420', 'Rákóczi tér 1'),
(1372, 'Zrumeczky Dezső Művelődési Ház és Könyvtár', '2365', 'Bajcsy-Zsilinszky u. 96.'),
(1373, 'Zsákai Kastélykerti Általános Művelődési Központ Könyvtára', '4142', 'Kölcsey u. 2.'),
(1374, 'Zsámbéki Közművelődési Intézet és Könyvtár', '2072', 'Etyeki u. 2.'),
(1375, 'Zsigmond Király Főiskola Könyvtára', '1039', 'Kelta u. 2.');

